macv_p_ss_fs,macv_p_ss_fo,macv_p_ss_fr,macv_y_ss_fs,macv_y_ss_fo,macv_y_ss_fr,reshist_addr1_coi_r_coi_nat,meim_p_ss_exp,meim_p_ss_com,reshist_addr1_nanda_disadv_fac,meim_ss_exp,meim_ss_com,reshist_addr1_gstat_h_queen,dim_y_ss_mean,via_p_ss_hc,via_p_ss_amer,via_ss_hc,via_ss_amer,comc_ss_cohesion_p,comc_ss_control_p
4.638534543432109,4.054101915895992,2.451249128944489,4.4137245897452555,4.3063517261347615,4.4268393632516965,50.85789837631978,2.512291800156086,3.687840295848753,0.2506643874770946,2.829576776940529,4.995966171868331,-0.1179432775453609,0.38456002649756993,7.054787766495167,3.1018479312810268,6.7909368242899575,7.407941605430078,2.9831685612033247,2.5993622846864572
4.297129106235098,4.179519259859708,3.178740824590063,3.37224408520986,3.353378404559129,4.1109779822224946,35.685201977978004,3.9571667289601247,5.071399393310904,0.11457723124025428,3.2299470816999496,3.507281599470608,2.127337748985747,1.5863170250465313,12.046293682110425,5.084687852889961,7.185614915859715,7.525814964488005,3.0575484630252294,2.4091787096491033
4.719708125948989,4.502190288952555,3.6207828673249223,4.483574484490328,3.754510185369817,3.535438439484913,50.777826124510646,4.54937408860081,3.2765598081566614,0.06964523473584903,2.7411206872494445,4.186738701034908,0.3194831623974958,0.9820966089325529,7.3849400451487925,5.930470852611793,6.8519026110704075,6.962595643555216,5.0222522869248,2.753195164749533
5.190348166575423,4.484119318121602,3.6512970760484245,4.785031531655855,3.388611737445461,3.0653161556163866,62.29489635234525,4.123501370316041,3.1404682378341855,0.013783705613063994,3.106633253564578,2.6847889761181256,1.0067043146596215,0.7152422235181046,4.691740759648416,10.2869705504772,8.587485704848723,6.51968866500723,3.568281108192968,3.9898461645054315
4.2455729457656215,2.9818880633802998,3.2879023451628164,4.200638412182509,3.406814436264134,3.9603333332827377,48.7688403451786,4.376327768554185,3.4215266583108415,-0.0062927700033184415,1.9102949140068013,2.9361073290802353,5.867058598038285,0.9874004369652115,6.499183628380365,7.767045139291473,4.922437236158545,7.324493613239861,4.122761342315785,3.044670511822969
4.245581773021612,3.25363622845127,4.072320192320013,5.1082751815807725,3.488935170898551,3.757572574783965,48.542647033924986,2.776999290312966,3.003569526315586,0.008898795347002114,3.499908182398478,4.002186261178586,5.034994216280669,1.1991395676985532,3.1556332629805266,4.1852987524101195,5.374693309242625,2.8578755142575605,3.0066095151311116,4.307960491345179
5.2205557548612935,4.151254084120566,2.836402507568887,3.464273075432992,3.837082327283149,4.091389443898617,28.228218908947152,2.170225900141559,3.9592339485784196,0.13731476461018513,3.339892553915489,4.7570366619738165,-1.5618354299983435,0.9968366613474575,6.528753313485761,7.633552122360368,5.2175504626721585,7.694819201470909,3.0144475753978313,3.877791532702775
4.7840914139796,4.150482221464829,3.5128542642395213,3.1722228762413986,3.3778173079491522,3.9183813109020456,29.297602718438856,4.8373606958267485,5.293264783886235,0.1540736454092184,2.7225087203901377,3.915045468792165,3.758806403764624,0.22616569273646814,5.031905159901719,3.784304949564015,7.8504719520759085,6.858306346201698,4.3355250040119575,2.0784160945846004
4.119049168171013,4.151261756987333,3.704898342304495,2.8409734056857605,4.5143808225885245,4.194094245143805,9.06193442467813,3.1730946457421827,4.137230139751597,0.009103096981751036,3.836368544416806,3.4161406610204876,3.7129894985952503,1.719841761493991,8.510058825089873,8.763058919484536,7.9657970203324915,6.333649098765588,2.610197235016791,4.434937052067404
4.66318425589441,6.2133764452829245,3.993059889015298,4.872117402478354,3.1053188876831004,3.1396380308468443,95.29437214178517,3.238649110064154,3.6261509757230974,0.1808709219509641,4.046357870265148,3.649188822076168,-1.1837283326989405,1.901727329371918,5.595898140039162,5.821583370164706,7.227963146257086,9.748576932275634,3.2731793508420033,4.57490394264729
4.122305637661957,4.185763020484659,4.13721702145784,4.350073598693947,3.5690746244370826,4.372305456558928,13.404549382378429,4.679384776212033,3.5911059742342744,0.08527672242090625,2.1261165962483397,2.7167713024930733,3.73143306242824,1.601631328021781,6.456808591923579,6.536193912598742,8.43082277515306,5.6527827548481255,3.5919409506683304,2.9538805116540736
4.121062524437183,4.534635156639113,2.7947134708144907,3.9097331349291276,3.4033842249893342,3.62723779920984,28.47679281115277,3.9750294060359903,2.4619113570513256,0.12896761767359033,2.7635249801910153,4.100754618482054,5.528426337719291,0.7402670258292152,5.42478490099074,9.22327383236893,4.551651207880658,6.061878237199334,3.646821664863183,4.224044056298038
4.501563474746725,4.422459900105479,2.49534484822379,4.117857124517968,4.639682107915629,4.876560537435469,27.779147351448245,3.883475160520733,4.634629547892993,0.23061948939428392,2.758683072261752,4.308038208669465,-1.119464040951621,1.190971673655478,10.148155521174237,4.2767679122255045,9.225421947820584,9.66534739333723,3.4407199646584146,3.07726708238168
3.342765867252471,4.2354986363688525,4.551069865528352,3.246134329224039,3.820321258947492,3.0372039575501586,71.91413692967072,5.442905161229995,3.781150223531295,0.18099585149428232,2.629848064850462,3.3124067698979354,-0.6071135181291173,1.2848346667464026,6.050046375004847,4.068616575573006,8.988904374108158,5.416335580762935,3.8486527573112506,3.9343418493535194
3.44404166841736,3.63826866368885,3.859906836743257,5.461165254087444,4.3676589760918585,4.65080547121078,39.36343399704977,2.880355340197381,3.689986570643922,0.10015798768633022,3.9648024887492817,3.2990126766973606,4.228395821670099,1.5762470895781229,10.33456261226301,5.608661397611926,7.695126971657092,5.840611604348068,4.059416300234512,2.7107840048108898
4.0691468265099555,4.301963323679693,3.0697240912395443,4.02435734431528,2.7180869125471694,3.6274448454539967,81.56596852690114,4.314093841418832,6.686288387242751,0.05696601143334591,3.19274574612706,3.848092876312434,2.363906362503515,1.6097281261565144,8.30866682350045,8.679172998655288,9.413628086351439,6.4471864429572205,4.0890628035672,2.2359658115038266
3.8269054863819294,3.3555777494047963,4.751009945139115,4.012060201438998,3.8665146183362307,3.0623345222841687,29.007906178550584,3.5195340291103654,4.115624317672341,-0.03047925296826734,3.1394127674134515,3.3238749811529424,3.063511340170813,0.9345266018274048,7.648055880302417,3.837231122568399,3.76550856200458,7.9335803354620635,2.8683139850881014,3.50274751386431
4.540428593241613,3.6867376686046747,3.7015198906257942,4.394359422581098,4.274471019822381,3.173803908371128,55.064486869343504,3.712583041427449,3.182568101263262,0.06889978190900216,1.8271155955246337,3.6003750711720635,2.5365553865821067,1.3274486544932875,7.4226033746194595,1.3519961635168214,5.6252744398610455,6.98113610647235,3.366172765666301,3.73547157593193
3.883256524311009,3.5331796314252357,4.479143650806163,4.242550796772382,3.745443396682419,3.28261607935324,24.580092566307393,4.862119001690931,3.471606655750858,0.10413966440345007,3.8183911466639944,5.216348490136691,2.661759969598785,1.5081191145537607,7.472463051001729,5.859379933115746,5.2789132211590415,4.723272847874171,4.4155473041993565,3.489397381649925
3.6121232205168265,3.8836349876329552,3.666312505554306,4.083071142000263,4.389699425150607,3.7779862261217474,106.11581927087907,3.9308735306116933,4.87029159596025,0.0503076894701573,2.4039914719875752,3.4654082800835946,-1.6290292890708022,1.9888393687675303,2.854403684295746,7.75793509158022,7.671895527828778,5.867618060638655,4.2025985431540285,2.783063643522278
5.159496387068381,5.263111844400416,5.123580006199707,3.4539241915274577,3.352563434800859,3.843637099385403,14.94375373336879,3.9586661326400554,3.950885282965997,0.10968020934897585,3.384200823695037,3.382355054487067,4.302499620158613,1.6271392663166313,6.134311131731371,8.985627996302792,4.76174618295434,5.754477390048635,2.5936764814519235,3.4874038506052973
4.250077002042506,2.679402028006935,4.900294213807563,4.236633152980894,4.615024124160135,3.114045054861415,55.907791084672205,4.446091069561206,2.572854542204097,0.12411603265028645,3.5482574864598257,3.1665777685612735,4.608028604816345,1.667843584994517,8.370346932119359,5.836658402521656,7.731056875899318,6.552228974906634,3.8171911460801815,4.088502151569197
4.407776451781902,4.257041645123965,3.4349292834336467,5.111518226921351,5.1979172253890376,3.479558113936391,64.77007447458489,3.134524022669966,4.666709313902089,0.1031875549650701,4.365568252203204,4.2049692625544175,1.1123127836995372,1.3283301729845045,6.591818672403831,5.934595703730419,8.738067851833787,7.30924725347043,2.1641357820530946,3.8062853435016186
3.605432261520443,2.8366697397880904,4.327273182740707,4.778694022976498,3.45376933216613,4.921146041727217,58.7522682619514,2.701802595677667,3.2568603949215387,0.07369654014742537,2.351508560863396,3.5145036944503953,1.5768665655950833,1.9670005279845433,3.893769432815386,8.89786353814702,7.62873259536931,7.297753638551325,3.601099533339864,4.010540344884107
4.078773606193043,3.5414781013960677,4.088789160780676,4.93236907144969,3.39960237635143,4.6452027096597766,42.3633950443872,2.514209513775227,5.514079722733729,0.13048408879187373,1.0608314969164214,3.1652114609554785,-2.140363789000346,1.485243082499855,6.584841727385169,3.173909109897665,6.952861716853906,3.9958667253077302,4.914367847767184,3.2446842407281893
4.431108076489369,4.505835075223283,4.617567669232334,3.6271319999318647,4.643880135969618,3.7860755020674723,43.88077287251585,1.6733714106741024,4.809543213253627,0.1494410340752197,3.4776932478780394,4.6355604178694945,2.9705037309630007,0.8734273301573912,10.079036238995503,5.977957953397706,4.864029642757953,8.269464374258124,2.8952140127591215,4.899096956220269
3.7526204240217664,3.872764846539257,2.911485160768102,3.3304153292534036,4.726566735917768,3.5210487473267364,48.63072873220334,5.343638251426785,3.4529869018891204,0.043147690321223946,4.697426777633552,4.708902617591809,3.1149387168211753,1.9635876416690272,9.169508833357417,7.073938365084896,5.095679859445496,7.048501072366029,2.9757980107575084,2.790121333672675
4.573468451675366,3.1671898890569894,4.11852738263546,3.8661908055884084,3.34891256488689,3.5756268856264843,43.410753838551194,2.4609249523918844,4.9880361895758725,0.21665678868551863,4.27373920135512,3.2017333279967306,1.530104620250876,1.623960306803276,6.56574549322411,7.563854039087143,8.539443310226549,8.751893951468414,4.109918229660032,4.284557532054143
4.048526765007102,3.3911161490492665,4.390772563401971,3.9787719276517635,3.416190918934665,3.903973695779534,73.80049224836257,3.265637934205428,3.910549365148387,0.11194633847627089,3.497166193704957,2.2570666777832713,4.494993158366526,1.074682942051043,8.581790365193442,5.748355716152259,7.766955081089544,7.33686759647367,2.4730931363649784,4.908234936911835
4.214635522963572,4.252925401897121,2.3311193129018632,4.622871732116251,3.506881302155811,2.8152363411004044,107.90421488874995,3.214944184684648,4.607686088413716,0.12009260752236833,2.9680550060282744,4.401437176890481,0.8507264737466486,1.0571356098765265,5.9600029868320235,6.77865249513921,6.422663112877472,8.32571724688941,3.118821727494253,4.278582239639267
4.047952580984104,3.3818098529863754,2.751858492248714,2.8944726969707646,2.810551531605457,3.324514379707692,32.181219975825236,3.7479980863441824,4.280805135434061,0.16791156594244927,3.9479382405781958,3.1389058924744817,3.0963191739885674,1.4307522263504713,3.2996070788215572,2.0028856938711574,5.800279914087876,7.370495627520012,3.991004766755944,3.664694308770201
5.3673733375261605,3.9667850365390405,2.126048650017227,4.892899210053393,3.089563228647132,2.385551802294236,9.95928794279487,4.211808920066433,3.0985782550547523,0.13496250390134296,2.6044651309891487,4.239614023493958,-0.8623905382761659,1.5109616193355215,4.850064984959351,5.467345757406903,3.1590678615013594,8.694250148305516,3.1177355271297356,3.372071328617613
4.364211946600654,3.861206408603314,3.4199834567095992,3.846206026285302,3.0335452360871225,3.761390241821022,45.01712196375984,4.25262718453148,3.2787041461244013,0.1849010104314204,3.6983838866394194,2.179796268980288,1.6266538379061235,1.3829550507616926,9.798116236124276,7.57197527533125,4.727724170808978,7.454321721038538,3.400362781406136,4.777268093999886
3.8027752019875374,3.4304738729863504,4.141550579204971,3.6794397999346793,3.1884131085181457,3.9263817044200153,118.0038340031277,2.9355027162223415,4.765057480069988,0.13870192609441018,3.7203485063073263,4.315696524534524,1.2498357033562049,1.4378450815009785,6.144039344378231,4.8539060359234485,9.626548500250326,6.521088073023183,4.09583775752787,2.5684336665343004
4.813722208505334,5.157639651143005,4.715335549329441,3.3164601775992377,3.668797565776284,3.1742692431207185,25.446538603412193,3.3150289612783257,3.5529468035306664,0.07630231437856604,4.1388867185990685,2.7460456698457403,2.2484952052954497,2.106371404634969,6.204929495769701,6.8251144091936435,4.383419830946604,10.08802138753662,3.8669069995921084,2.975203363543772
3.7150645126366415,4.224703803141679,3.671120495348306,2.9177987029806585,3.844998580845319,4.543032252237493,92.27258289980573,3.7253456701704573,3.4917761094041264,0.14386137653595943,5.421082238243382,4.194950559280468,0.7621462192748065,1.8038388424944172,6.092626110890862,7.559412489064983,6.798007251330253,8.006266773641183,3.757119100729682,3.4895069026674435
4.483767488020536,2.581860944927446,4.807644239542981,4.454773374514933,4.707517044605051,2.6801859405488084,93.3281035218538,3.2406034131873755,3.0019761842524586,0.03944856352342912,3.6350517531019904,3.6603668441025095,1.3569866463154048,1.3797503798937534,10.476954549586026,6.064985173772013,8.141634979548883,7.531810235276891,3.3271704936525075,4.958323330113558
3.317823671351213,3.9482475538326205,2.607944891022561,3.989683865650901,3.0373370859891664,2.52142465293078,32.28800697380918,4.934088075867972,4.226508286075553,0.1263154995511609,2.9549818562953147,2.9379703429624913,3.7495978607584206,1.7411419904509013,9.923580574582079,7.036152544299269,4.425361420159472,4.747832795537537,3.8303755514079882,4.1877335866043195
3.6573503045494173,3.4241806040462937,2.3715913347697124,3.144122105270399,4.3365192910173995,3.645104217359578,62.99754755608104,3.9154893983670815,5.68214461967725,0.11648001680750308,3.319687828290199,3.3460221867323274,0.5941363842366801,0.7908942357929193,11.102869639338602,4.8909371860611195,6.790172890732915,4.729770223403061,3.4800013925779787,2.9770703621841936
4.477314244385093,4.359708075498769,3.5763377434530703,3.140947789849362,3.551305621347766,4.192461174442268,91.97931701305019,4.1380311771853195,2.9021372761068847,0.10434869272521037,2.004256507695151,4.161789046469635,-2.3289441328886493,1.4795450915270831,6.372703131691418,6.322324618761822,8.027424186985476,7.108914250138241,3.8926351500414524,3.5678786116345798
4.76851626562179,3.343409302212493,3.89774276548698,3.7359415248611025,3.6591134930153206,4.616182667473421,37.0606229556754,4.0723401281835585,3.8717933559583586,0.10986884900211036,2.8148381832482734,3.7287268054000067,6.057293659481115,2.1590144296421774,7.27716960062923,7.868632820734738,6.5072904691117035,6.887414385573045,3.2151957028081575,3.2947990348980642
4.463607585079801,3.7621634551518026,3.5930457359059416,4.979405002216514,4.133712287146625,3.1904389808981612,41.86297209560666,4.538214923124274,5.104567142465951,-0.011752578878586642,3.0301889893343703,4.085755984894916,5.137425914553529,1.1830020364250347,3.672058523601826,7.010613551680914,11.1985369455512,5.744292617707941,3.438253769763963,3.2090475562474725
4.309288938949718,4.1450461551111735,2.105424128806842,3.7831997806478617,2.9558428671820187,4.213474961410619,31.51949183166909,3.6326817812239045,3.7795478016325528,0.08072183769064875,2.9435705681222957,5.1243667071391,-1.5435481571523433,0.8799043756569414,9.62712876830508,5.603111035843878,3.745836117400967,6.880584794796465,2.865366502509612,4.725890338470864
4.2095761282119435,4.367938693945768,3.5517927112387535,3.0118978064070046,3.942105865118582,3.4701406748212364,19.67208479215527,2.284258959495548,4.252063214058988,0.12522541547796698,3.4539312512723157,2.482615579230885,3.4089186312164235,0.9740441004908607,4.366045575464401,7.137909822183634,8.22587748850237,9.059018569590885,3.542956764015845,2.614452241202518
3.5765199905669807,3.091474054571115,2.663240077606323,3.7917890593734445,3.8005960429286043,3.3809032242998622,29.670289515622308,3.8321973309069564,2.9067018981937656,0.1298737811814021,2.7184863777909953,4.856341804930135,0.42869221278438113,0.7634006305236788,7.120316815202766,8.066256826392834,6.2029059300730855,7.71488284912432,2.992346395789636,5.291685449246688
3.9844341774814938,3.6263865999989755,4.106552617251654,3.7750546373731466,4.014212427209944,4.083715646515136,13.949570622673104,2.873203188384949,4.230689794264039,0.047498642546937565,4.184774564501869,3.7275788979981908,2.3438960611554296,0.9101723625515385,4.506244284171065,2.83277942937431,7.754752092030294,4.951427827483,2.777318699077863,4.590561247091052
4.123799765571022,3.5396163103076197,3.8849723405302026,2.2714887526939496,3.881008058911515,3.9297929699225476,48.364605306938444,2.9851937898319125,3.684067527975583,0.20658304226966867,3.3391392765027335,2.9791225152469583,2.420700203377662,1.1096033460021517,5.51766651866843,8.90765699415803,7.211671081385785,6.500632276815958,3.7513310793180255,4.826468444285727
4.939846126497634,3.4294057193517777,2.929794810319391,3.9105331247912503,5.300402286681768,2.446892716133428,26.368486772125756,4.002524273247517,4.725773218807515,0.05870138422813174,3.3319661752858956,2.6571524301941256,1.099776368833293,0.6113029955655576,5.023537493681132,6.076901005566532,5.282440420814565,5.457108222658361,3.7187473120918497,3.4307782415660513
4.556220317102915,4.923798004409427,3.241256549393163,3.800973922630452,3.2736355337868206,4.478195200793043,53.82775065892379,4.597348134063232,4.904877039266009,0.1860331142114942,3.0915941285973276,3.508612219167823,-0.2729365863785235,1.2954931855273388,5.479853373971532,7.518933879255758,6.862919094608114,6.085016350377071,4.123289062535964,3.7119270485446227
3.4235446449140574,4.083259909674841,2.8425488712559885,4.376024931145941,3.3435807055601017,4.414021792461609,4.868457461554446,3.486922732383694,6.15024188739598,0.14841813282184968,3.4560708052078453,4.337373193955716,-0.039990737286846496,1.722350441496158,5.616621632453211,8.979920731787946,3.434879122196824,6.046017995468093,3.26188904266514,2.559292352447671
4.545717404641383,3.054041368164571,3.571123915650986,5.091007840903712,3.283202074971333,3.0795376341420013,56.48390436413991,3.7492994842195158,4.3650922957347875,0.07395841822115225,3.961500463196604,3.554551381173938,-0.6038378810225977,0.8509601886068741,5.598427472277536,4.116784668286071,7.4776821804503095,5.949664947533546,3.8573327977634717,3.3753361162439273
4.164423815910303,4.400131707658702,4.315262067152458,4.6429511184251275,3.327539664762039,3.759114980262523,70.23457772152065,5.020648767538224,4.139643322251877,0.2419325221547929,2.6847535109616234,4.7772107541782995,-0.39301830876861465,2.0193911930503874,8.346825537846284,5.370434810044166,6.9765280828667295,4.779688247833548,3.95861811882554,4.290031916162411
4.0075119293665855,5.144178480043913,2.8962762081560096,3.7774331875581484,3.2738667492562414,3.824471172561555,-7.109280510853606,3.6871820955528842,4.022927789766459,0.03598642841943557,2.8424494967883365,2.566975600695188,1.5176426264217555,1.5338808275495914,4.491204780570456,6.1672116890997035,7.535852752640441,6.476335786142931,3.8833883617269462,5.0107890474961
4.700345614320419,4.470936849769618,3.9854619739254846,3.2578960495949145,4.470648576728327,3.6692048914867397,57.66505470003388,5.841341347531758,3.536612598690842,0.18254375944396342,3.1098288402598318,3.6406977857675455,-0.10300678464506287,1.7841185532519936,7.127808181009061,5.229756313905476,8.224875136403199,5.8248225743589215,2.9819494057089915,2.8521149024258894
4.925800873423984,2.894341458729191,3.229273164334098,5.540312887493145,4.622334810804483,3.1296110776994643,81.01684077033585,3.983496330000156,4.150911937649125,0.1881921607709592,2.323554803674989,2.715289736932305,3.3897887825285817,0.971278009638312,9.111953792081772,9.99780268473568,7.090628717003104,2.260159892766641,3.6737783072898695,3.518297216078084
4.872185280196141,3.5338774527430985,3.037272881762416,3.9809387538617544,3.3175342803637475,3.048890659157887,14.340746961103422,1.8609592950118867,3.587917336996031,0.07226636339962224,2.720872087923586,3.9210282059146153,5.401774826894238,1.699361593894043,5.668196443799111,5.09152734282374,6.730017363387658,9.757771081719085,3.8261744009049856,3.710706785121349
3.920251371797227,4.615784096814361,3.5386983191247814,3.9528485606881785,3.146110384015608,3.4787600274670276,93.18780807560464,4.154877946132454,3.999903603454634,0.2153757883863276,2.9796854997550564,4.31143625454502,0.23609168378544015,0.7622929439535974,5.2609455080925835,5.6617667178756745,5.039472741165502,8.306826873250536,3.572890131651836,2.5928530374072962
4.205216377874465,3.3958327989386325,2.86007442510174,3.9292456658605737,4.000428424701112,4.276050964362008,58.89506640207144,3.815290586949267,5.02052630235098,0.10144017093913517,3.9986893106620274,3.3357814189214445,2.2837191588361145,1.716559089789066,6.230510383836749,7.10037529878145,5.316829982792939,6.10217000128483,2.0873246777032097,4.377785169443239
4.549577547217558,4.107254940888785,3.212171297148058,4.067069375083529,3.3296719522565468,3.857453100453747,28.14559790433894,4.6443100923347584,2.956306760204545,0.13881079463172935,3.5370794547698097,1.7066781471935584,2.934097696408715,1.3707014470177263,9.035895677062827,4.437705098320646,8.436146522767556,6.696751353053331,3.6816729235781382,3.1962913100559396
4.895985008063019,4.31164149692219,2.741170135566418,3.854670760185859,4.106264681410994,3.2491703578040725,45.906560678592896,4.081738127636396,4.862682556188906,0.1368427372693252,3.4850421274957033,3.79815543147113,2.8649249500782052,1.5543215963440085,7.075223893495911,5.964403721523499,8.846152921717975,4.905311574403052,5.137710426594118,3.6711022590249325
4.113833901164105,3.260367198401503,5.053376902131084,3.588400211165323,3.8244941585491623,4.0092210031640745,62.70603290884648,3.3411841411342404,5.02009779099442,0.10946851784393427,3.980965733716559,3.9755740857399577,1.8752989043529558,0.7220168225614503,5.63235369104818,7.31441333803465,6.095626682510602,9.220177941164852,3.31232872636932,3.4406500521002723
4.271646666947915,3.796274412583498,3.6427306441885174,3.6050245775483116,2.6983085061161876,1.6004533035408088,49.5114393444722,2.35044015520609,3.745418170409375,0.17502816232285628,3.2353392378543293,3.9513673278425947,3.541289426861437,0.8570676733894219,7.651656330121542,6.083326704128321,6.562324826273415,9.523496791812523,3.0511854191885033,3.1375928052503923
3.77663177420777,1.830504955620659,3.1053737062184106,3.9238941109637953,4.705554329298642,4.260106704510408,62.17064245917046,3.2767971627503143,1.9657255495447357,0.1738267621851915,3.633579680606392,4.571751409901307,2.890528939191691,1.575493099929458,4.496318516115111,6.536665910418751,5.000794872561046,6.904226954065916,3.832708176062296,3.840282064375222
3.7283109693312384,3.2001554249039206,3.7733917390821516,3.6071545914370664,4.868304584032218,2.3382248646760804,22.245863294130707,2.6914824096247996,3.3104363623879536,-0.002504814078034968,3.2611046437712234,2.8505898010303032,-1.4071152296578895,0.8314183830533634,8.04450552310949,5.711392810496685,8.413185949370305,8.208654366432077,3.789446322570847,3.652940490394771
4.8083352986347965,3.677007158086897,3.5348251317672212,3.502072694958512,3.2899852902136715,3.2546086138958557,52.06531043789256,2.937833026175654,5.002227451691807,0.2092628443493713,3.5391927593840395,4.157235999039478,3.8573165985344726,1.5109719683876148,7.5019243434727825,3.846461269548795,7.57980453653099,6.93220601742859,4.414108540795722,3.5125916290870833
5.100671180344303,3.0621353928584023,3.4553963433135952,4.010221454812371,3.4374774320505295,2.750777936094323,8.758025717178883,4.004544722604666,3.8299718767732918,0.003463495404843552,2.8993052244657016,4.539463583253326,3.9026310269653592,0.6298036719847218,6.076770982703892,7.322250536434482,9.67549671920378,4.656910458969779,2.675269200592491,3.1922750075653883
4.332751633267875,4.841600346002496,4.065971805144255,3.7860616567569294,3.8788435465034072,2.6343320406345883,44.38945574322559,4.991168081622819,2.9627373694578427,0.19040938994942844,1.4989523398696518,2.322689134920914,-0.22176309631163818,1.6963040745217912,5.020904942096108,10.035657369356581,5.043982238007959,6.048715066692467,4.086751573120166,4.133620797057442
4.911033041666128,2.9494693835725485,4.170769672781859,4.8770474997305895,3.9106838811087608,4.26813168244555,22.704519828397537,3.8276202481427366,3.4019591441000614,0.19694088397898693,3.2376725522605994,3.888214087626241,1.78030249969108,0.6946100777357012,4.925230154638586,6.748288889831159,5.865824301140006,6.86695911560456,3.986733897364837,5.331959419115493
4.565907815659835,3.5611790187544217,3.2290951179755703,2.299968266602522,4.1230476748422555,3.1845725331706425,27.31073208459297,2.3763667232150754,4.596891644922384,0.043108334934035104,4.4124133633766895,3.2735420870688596,3.392979515713117,1.5538636279166596,7.752991742875979,7.139893211869869,6.866942811919137,5.984422912074299,3.4669357371122387,3.9722628221872847
4.0246108711114985,3.9138260438458015,3.195963394420772,4.621206591235805,5.008745880671225,3.7263129105198893,81.24729631184476,3.8731784081540033,4.335872023011496,0.09028824170528714,4.037790987031421,3.588892339290504,1.1624801811078778,1.589166797872608,9.133878370961998,8.024823225488888,7.54871365536893,6.339399921024396,3.808114097420614,4.741365849204551
4.565778550584213,4.723509918313596,3.415856448152916,4.717082451226084,3.5755777659857646,3.464543584599238,77.28654922290035,4.559344402816404,3.6380713940556415,0.04208599204281848,4.067352955052935,3.9091236657166117,4.366618630645485,0.9525327457716464,5.421303844381872,4.31052709304413,6.1324923161033835,6.530892966076774,4.298253943876887,2.5978538020521285
5.198416743350706,2.9459349293898187,1.9339944312966533,2.658206932862765,3.1684276787241537,3.8131671141866246,64.09604603042324,2.9111361201284036,3.524481937485758,0.10387670972521186,4.271614873281436,3.286189657778464,7.592252853858841,1.568174687466282,7.600949623746584,9.936425857453239,5.052790098384307,6.546725192824359,4.186752883777044,3.9883181934336394
4.3522065335310325,4.5516860444426275,2.509179698583127,3.7316600649102956,2.787703216208702,3.546877008641018,17.550428797055723,3.3452342059995805,3.5023366685204893,0.09741775096426838,3.405873137124218,3.145562528917123,-0.2784847487069555,1.4133568620588273,2.5374026893884323,7.096475137786756,7.9346013817063215,6.747071456380072,2.7567608423035743,2.860907346835986
5.212722433428179,3.839373119629491,4.6162828990607006,3.71382610018943,3.2125711767166707,2.6421096137153084,38.77639868002884,3.48091592419722,3.031030183491036,0.17286754645467442,3.4878531537793216,3.6751990971694863,-1.7653927562211373,1.0285637368212195,5.526119171080099,9.80266606224441,7.671330520400959,5.072419969873228,4.1497444545676325,2.5199734835668357
2.9629247205016878,3.2266472680118685,4.819599452710997,3.0712122556821373,3.669818415559028,4.158639883658708,80.61822226845936,2.7513573514290215,5.285002391460414,0.20967685969829,2.8729790896911207,2.8385085362709574,2.4446744639115714,0.8024335503330983,6.627303991890419,5.325773612066749,4.981642039834322,5.589457020360459,3.5218964474158643,3.1824753747067427
4.813376808610614,4.118551337512786,3.4348767232374855,3.461775061022407,4.867439756527587,3.16723629603695,51.3090718164672,4.059018037188987,3.564008774955371,0.2155990458408622,3.100513446833659,2.839568621913468,3.4885158518541326,0.34312257974959776,4.879471694825614,10.155164445214005,8.713274792173157,4.735373171335914,3.6195048354087658,4.917224764374589
4.418271053764172,3.9560355117193766,4.038474997087641,3.255384111862305,3.35235188258588,2.460073691103512,110.88077303176031,3.35715863703229,4.931319899936291,0.07978933295523387,3.803568033230376,4.156607157717209,1.1086255403929666,1.4563034703414932,4.826113254664852,8.180873833743313,8.408983830550008,8.139861700444833,3.6197339459392865,4.69995472819461
4.210703258776238,3.4622200225186557,3.8445068661175346,5.031039413542714,3.838166256654651,3.2109115439204325,58.19197421757762,3.850303838748229,5.201461927665845,0.10427204138370931,4.247285802999807,2.7925866647786615,5.316853270059595,0.5346433682373795,5.360686807578842,7.7603947255086725,6.70736043747315,3.4998274275690555,3.461190854256763,4.064887329772805
4.420805447854978,3.8761765337626133,5.867945873074189,4.524555356396419,3.6807640438532396,4.4943098742704946,52.68598105800311,2.657748676459426,4.73694713415047,0.002010526430301597,3.2337740855448467,4.14686233064926,-1.6593484107121659,1.3338749876867613,7.270342859731842,7.156477107440821,6.617509797525148,8.40436988531672,4.413379352979225,2.469873442131106
3.302823479170401,3.594993297891845,4.435480174304584,4.7328799348621295,4.470240176626166,4.06146717256598,38.975881350067965,3.0683685032613544,3.466932495933323,0.06288452767876353,2.999325741865532,3.994863167399767,3.416941691321464,1.1611443509731438,6.316438647817565,6.242972334266347,7.396880736670099,8.754628722775944,3.5083940619069525,3.6703025535698575
4.253359128633643,3.9031850479214123,3.5234274812484445,4.3918198077426736,5.347340551235463,3.263783149477113,51.085405425618745,4.126629188470765,4.208861360663461,0.1857136412164965,3.3393813835010455,2.3620696486386428,0.1716047603984125,1.6149285868753,2.236614793393896,8.98613895132903,5.071283070314215,6.213706944350622,2.7734163715301032,4.117609928850792
4.563475714819424,4.242133753310467,2.9183451688414697,3.2439245809607513,3.3436646990327583,3.26338022682446,43.261173415383276,3.127333768993339,3.8287927987750283,0.23085271377248578,3.7925795322083236,3.144177314428853,5.981816147646925,1.1425627615917608,2.4704173136441865,6.979163875152467,6.536089643951964,2.751197815844889,3.288565292252804,4.004284264854667
5.166080238405975,4.812936529916803,2.4424621803024493,3.618879944768088,3.370811967119498,3.281759265258398,66.8035268315547,5.043230160294278,3.0476462590489306,0.03316236871551792,2.249628240109407,4.540658775587448,6.664320823924334,1.1293706921625584,5.481862714030978,2.9896607832392927,2.9511485027716597,6.12472739255224,3.694590449373337,2.190436478113925
4.092813376447285,3.0682937071302234,3.7657031984368574,4.247739319019982,4.375729464208386,4.8775500031808665,73.60416064184561,3.102878150130659,4.138366998401698,0.07768778340539546,1.6065680326093752,2.9176565708079685,-0.2301851228303942,1.6403129827789256,7.59955689227056,4.598545779438339,7.926467176980094,6.571847046614186,4.4399928591075755,3.0468888720180813
3.936770536161612,5.150898705535888,3.0639744993725486,3.186194984929723,4.138346332859748,3.7498876987065106,25.930339957670245,3.67252091998251,2.803100787599068,0.11695339134984975,2.923615827785359,3.3032191796878663,0.3122941042784563,1.4492785487203514,1.223525722181351,6.361635131067381,3.9217737059470346,5.147670919779751,3.9957258286320574,3.7890528007403765
4.10169192592737,2.6269962418675963,2.5771270109133004,4.386440062407629,4.901611571946218,3.781895688773113,11.014426050561484,4.318428477689165,4.905137570786722,0.13821892534862293,2.4179839733513493,3.994467429045033,3.833408028332626,1.4401786715393898,5.694984496445821,7.300301898278162,8.956349059635084,5.893124894850874,2.9642945296629417,4.328329437431808
4.863648240901503,3.739273757629821,3.1442340548946146,3.795149319148753,4.074154224064052,4.181273228549166,-2.799815167200313,2.173369126006784,3.437625734100575,0.06262555035059919,2.955603113577307,4.234215824561607,0.71815876165541,1.513890011711157,5.642233339353415,6.606327650361631,5.944487140527029,8.971089747117839,5.331177063216717,1.8739549043930142
4.548226760749609,4.1965297220257405,2.826219936085557,3.7117297210849434,3.4560932162715736,3.654643725766359,61.32903112710895,1.8609172755019023,4.028945421292373,0.14820078494629385,3.2274862442174714,3.4620409311683273,1.5720332955669163,0.5487156513986288,9.450885008395332,9.02104544231681,6.139063987740031,7.6690232047477505,3.755669418076267,3.7009835302966976
4.086635617981749,4.006655506171275,4.850433176084833,4.385175724250043,4.078561971988343,3.3234061486974795,17.248035187085456,2.075475073460984,4.1018888155781585,0.08591640159980998,2.997017688879291,3.2039070337469386,1.7489445352206594,1.6523090496460804,5.9231718366978185,3.01988895601101,5.4556122071970385,5.277136155529824,4.472757266210785,3.9751026490076975
4.647434656173079,3.4483296151636535,4.261523699284698,4.219759462022257,4.418022160187954,3.365119163265733,-11.46319131957301,4.619520877155824,3.620332188957392,0.11778256518293066,4.434835956857503,4.710967007357341,-3.111295745062186,1.5828302515554282,7.450962262313731,6.985274818109608,6.013611800761136,4.26434429195531,3.460146782355634,4.609767735428599
4.423664088387717,3.704467082613365,3.611120284660122,3.720322941104178,4.229160222968274,3.4481220202235434,58.062325684198974,2.9639878174407643,4.37136329756986,0.15667900472976257,3.585504361179873,4.947134196438291,1.6509277950781447,0.7985203366382729,6.9700893376968995,3.2718988856420035,8.816907105281155,6.1763323105897605,3.946244655630133,4.468964273099601
4.892275048876955,3.5284610395858107,4.6989492722167565,4.663273182016666,4.023925295564861,3.4709964841994174,115.63176312138131,5.801665840806852,3.428489751322987,0.1192305630975393,3.565683952827354,4.380056814971671,-0.03795855086810704,1.17046841227741,2.450790401810157,8.151638840961903,2.4001628880148704,6.347219678611111,4.163446198911891,4.369900466304933
3.993999829969405,3.4689247668280134,3.6735137997705527,3.2736889922248853,4.390482019902753,3.9798990943926524,47.26612494043864,2.952683435252888,4.624138118650918,0.08851442412775547,3.8084238409224156,3.7133745403302587,0.4533098577053074,1.269050771539622,8.217270143886433,6.53463681722721,8.584363970590461,7.415119163865572,4.4321735047867215,3.128069637765651
4.195296589247901,4.357958857374905,2.987256730766386,4.326237697603773,4.457726097463646,3.530325482799005,70.37031519317975,3.6359023900381264,2.6548306461883038,0.11118180153195685,2.4797600031975255,3.046659469527667,5.292793568804616,1.223224433872348,7.117573478668276,7.507802725101092,7.042012297009815,5.862880684607633,4.318058225534216,2.1327616286855706
4.160646252860024,4.053625030248192,4.7305185032887715,4.312074892923411,4.597208433905883,3.9832329084502214,49.67076227724096,4.8745658004488455,3.9625283860812592,0.11265562494705997,4.1229686786768065,3.030111651157,-1.4542030250967732,1.4487017748193831,7.700178885590235,5.07806600333479,4.504045967301974,7.438143385790321,4.186668886615253,3.4935534925398555
3.584588745942274,3.40495186091304,4.010951004664886,3.7522155754848865,4.116603528008833,3.44205704055742,44.72693579451759,5.297913024259902,5.572371067868681,0.09311862889692847,3.2818206622905834,4.039572392487811,3.7175088348722203,1.9770659285633327,14.499484884101832,9.135564840284646,4.720397999840206,9.580477053569986,3.3442250516848415,4.746318408103186
4.530682317162811,4.388848887494495,2.8586094060471043,4.14649018619733,3.5820184805928688,3.548083507401051,72.57485225962829,5.348470834336304,2.9618233658409636,0.10083324369962982,3.8448450514703643,3.961890115530159,0.988443833049288,1.8087606987502378,2.5431996159086605,8.685506843275505,9.240483254950975,7.895608698678833,3.1621109972808945,5.098270197649481
4.511829105303228,4.02290911230591,3.4777908782175118,3.168216816865792,3.787662043339675,2.1662377366422856,39.491328962655125,4.57005141570681,3.2483332263562104,0.22967794347911055,2.5302917474077944,4.695469281322407,0.986451726946266,0.6562427119015992,10.1199978202229,7.8181412192507915,4.93362285360014,6.596067995049564,3.8038001358180207,4.484855545872537
4.374218251178955,4.335259868166225,2.976776979785935,4.51732869389983,4.482110790302785,4.1054514875888675,54.74710175534773,4.4018890636625665,4.306717373653449,0.15769420019226124,2.1667082711583414,4.1350271720870015,3.66045394236882,1.5874524806691255,6.117274667373672,6.468268704500541,4.5922087896643085,6.392825003653826,4.229902870907425,4.232262328024525
4.245339729093175,4.222053209339115,2.6059721601869206,3.8295251111299202,3.156214535170802,3.7263026600783156,56.232705995529614,4.008147453099095,4.009780712145124,0.09828857811612934,3.9560617374763343,2.528248864172473,2.535211249519876,1.9277521850236015,7.260667339991353,7.8111614516863845,8.354966697564366,6.131705853918559,3.4097638869548033,4.187618622657804
3.61047418129455,3.3208744734347544,4.294085667992589,3.619994670688182,3.9331048326948577,4.159799801258798,29.155635552293273,4.177706192667665,4.161699815110209,0.16713049564705224,3.6229752663251906,4.434589934637371,3.111329398021553,1.4741923846277944,6.5985522706236495,5.375259164417316,7.042881907306265,8.445075931922812,4.323595356522336,3.3470806961714414
4.145302826936175,3.486955285742099,5.012940378972348,4.5948478113877425,3.4337835272624,1.5687070914067676,74.57093767370831,2.9646013554984267,4.284761299537453,0.09562911645252602,2.658406174770324,2.905050909835831,4.104765202544015,1.813196377346199,5.845163075554927,8.333076645569117,4.946076271574756,5.724442809308106,4.598508974471416,3.72978449095233
4.1872034627762655,4.2947498009613305,2.5944441521982533,3.5073460430360606,3.7103609541789466,4.885285971025059,42.645929548248105,2.7209732512318285,4.4140197832635515,0.20016085136878492,2.6828425229204154,3.363231327409902,0.8576451573256274,2.2567258527650416,5.555530319574124,9.836029446894337,6.842597202808868,6.736483921303974,2.9176159593596505,5.345839292816286
3.9401128387246764,4.210154720511547,4.028540891355602,3.070623273589985,4.5292525873914355,3.402885205440306,26.757715975673925,3.4644352024903906,4.835878878626741,0.14442592897366582,4.188097368211606,3.836395289885333,0.15567288801124596,1.7808106822399012,7.344574939354767,8.740189748241582,4.801807190699764,6.745475468900726,2.973954827728534,2.999964543985614
4.284751308747469,3.8201372563421043,3.1412586726415097,2.978723447308863,3.816746313864165,4.233104433028677,62.10919585103388,3.312234302656699,4.214269011492198,0.11134187627582087,2.4415994960979774,5.1387121625808,-1.0260247449630289,1.407996867181118,3.671001921678721,5.332267823368375,8.295021283120258,5.913340854417348,3.468192699294214,5.297073049137467
4.588712769257296,3.905538996318552,3.2608075187607493,4.3200813967731095,3.721953755772382,2.803849776043023,22.85332948208789,3.0539798718077513,3.6360059174511874,0.149841715272258,4.578341512725635,5.970070033134787,-0.376997069505675,1.7911029729408252,8.182202974548634,7.397640193938837,8.230218080829072,4.6031282802762,3.7860649053022124,3.557350806550371
5.385604316496565,4.62242806314601,3.183844766993355,3.1500339638511683,2.800456732531459,3.9034786221088487,48.20313916894339,4.102911829603769,4.447638805757722,0.009818583231715994,2.659485694896988,4.102401837927521,9.054581468261084,1.3577263931685284,5.861160743090408,4.265451211187298,7.360657750719578,7.154448417360089,3.195587141515957,5.037169572917998
4.465333236629349,3.467561447741454,2.9852779349434013,5.032604740250203,4.180520669874526,2.7948609899460206,47.18274022227699,4.339153525051517,5.537690838015897,0.0406249351724589,3.820634881438089,3.5130320260425525,4.795659395580813,1.299481628584014,4.441061840151383,7.7970259774991035,7.080840536651582,6.576632636841383,4.527259609946546,2.582949189086946
4.50994465461311,4.171062957582882,3.652423739632176,2.652910584168102,4.11448982940742,3.080731119475773,77.13842634988104,3.5481783190442693,3.7324818545254526,0.035966438696657735,3.091048069120422,4.048519445924801,-1.6905043544577838,1.1187955556176548,5.793886286650443,7.566475351514109,9.379771809537257,7.421200537444069,3.8686956317565575,4.372894202764187
4.331441992958886,3.708130554556861,3.0094342458821037,4.996421222966445,5.109034597628082,4.769284689923369,60.41825102496838,4.815641846092419,2.9847398129846625,0.1287005616366868,3.794073910734511,4.312009296480583,-1.618998841409042,2.040636083155204,9.189913901087973,3.173767811766889,6.486243220677006,5.8654635547687795,3.5957864846379537,3.1848119472384693
3.33981356671367,3.6985612933674945,3.8146825062350453,4.075090772821538,3.489848539877721,3.3688900628293843,46.7475552156519,2.425814355081754,4.833552621528016,0.23896391245359913,2.9284617164515985,3.4104630387008346,2.8895721869224937,0.8939644376853981,5.624156270885706,4.514119995325657,4.545354511643458,8.505539897456467,2.5489389487325558,2.575357079918568
4.3572133542899145,4.51190601123613,3.5802196307937004,3.8842235801466063,3.835127375260436,3.6404340842468237,69.80336759534575,3.2908153964702156,3.743364167550382,0.2735629900104703,3.2161595969916377,4.989149115573673,3.0529878716148398,2.025690025427724,7.402154487411878,6.1774527954386995,7.225086200717893,5.34905166752744,2.6341521128510026,4.042906726196179
4.403852578348379,4.343016223743381,3.4422521430327264,3.606227755245643,3.854938292159136,4.074671921054473,85.46331495462252,2.813471235827866,1.9205937662517034,0.16304456813953358,3.3698556150905374,3.8213764357412447,3.057033457370307,1.5286198626183045,5.2350104665268224,6.143906057582517,9.91340089082658,9.244732585255093,3.767188300819272,4.753360596133301
5.695867014072933,4.335659922433883,2.9534214117739745,4.191769713794456,4.7251783132255785,3.8255701505897846,62.69190040978553,1.7644491312404795,4.6029326319423545,0.15352699781331525,2.5828559707436503,4.021090400518072,1.048431884110782,0.6143171050861681,8.19680964404298,4.423833829455026,4.819865140403923,4.038566160129618,2.0546014148337037,3.0876478898248743
4.268043245181071,4.639612277867565,3.1952665820314703,3.9208664454495565,3.6290814175122397,3.5958455977737263,47.71541408058657,3.3920746282922845,3.374822808343414,-0.006148352558706804,3.8979177550695754,4.1465726528998585,1.3720250172273587,1.4649687069356399,8.052757521104141,7.4498157636912135,5.893002140785217,7.32267982466239,4.286319167422187,2.500130379720495
4.533600258045164,3.84602761005123,4.169222292633631,4.628522355201645,3.87435898846523,3.738593560395803,11.545051041599365,3.3564292853345736,3.7698740068534917,0.08114158305920895,2.9517753750307327,3.964269016455875,2.5047969276628193,0.276974775609427,10.366494156598021,7.189509507220657,7.170833006142794,7.383866448937642,3.4555776622859775,3.7641113020775436
4.352805636745896,4.254380524343718,3.9831740948993426,4.015057736780705,4.089859873214199,5.094901913020572,18.294499038967917,4.848415657585431,4.145135746101749,0.06413911556149644,3.166509742085832,4.275662428278256,1.9001309183794421,1.589107622988209,6.339842701285598,6.34568911791311,6.3982117459271635,5.4712676290133295,5.86895142800354,3.7680720443374356
3.743112115786329,3.641359341141901,2.9022499527106467,4.0374323888516335,3.813804201700577,3.4574254065619896,39.082345994905324,4.043079204211089,4.01947760523293,0.07571892495549025,2.5887696203276054,3.1891765190857924,-3.8599919736851644,1.7141442674040825,8.01923227461416,5.282690262686701,4.873178802486729,7.307065694890783,5.205391538546281,4.339134142759387
4.985924299107357,4.033329914050656,3.6895718708853527,3.7186817540353467,3.3989922618478925,3.6295661917503694,30.758127222709163,2.5330257724945606,4.480392652035835,0.10712149034131944,1.4057620186945015,3.2331609844894333,1.1112910748261742,1.0028008609274384,6.884173021794988,8.69872510476163,8.32957679260797,8.593868461099044,3.439048404735651,4.699576336994883
4.775756700534669,3.752644817491099,4.166294858265986,3.9088890158847764,3.8187061678785383,4.1948272606017225,42.31733655697498,5.159224918885996,3.4634987992445154,0.08603770795304083,3.1948570557350977,2.8288774825271674,-0.4419545714282582,1.3474527772377252,9.266944021414574,9.847248169636888,10.297770286249646,3.3325345170627854,3.492344593226682,3.7932409306713257
4.796778802720669,3.8929776757138828,2.396432332689216,4.135120387083838,4.395040751082547,4.231336645954788,48.981942934420005,4.581609461704647,4.3060050197191755,-0.018512416444424303,5.159245162125936,3.977635358020427,2.123316113107723,2.2287489582676905,5.25912830478671,5.798039627371414,6.8089335553356,7.424969097766918,4.274217060946324,5.5133020387759695
3.8825234835379274,4.20075555405588,4.014204547345536,2.883492093279497,3.018883945872825,4.285566483730101,61.922704646453965,3.998631602647183,3.6197622501277444,0.17066513470628983,3.930948701407966,4.230892630296836,9.144948034229458,1.0444964779211103,8.171115003130865,5.55458106520276,5.00169189878467,2.916525997400834,4.7762922942773836,4.048027338918401
5.125701769996002,3.3275311553392006,3.1324991198430148,3.1080088559402292,3.7786560472855193,3.9207489453246454,45.50360870233797,3.2608655449376407,4.506467985195716,0.04437243228929177,3.324451543187643,3.9912680737230484,2.6037531379474053,0.7781925446265238,6.301781062024416,7.643341877984473,3.942360524672239,5.215287306453115,2.405523899331329,3.5354351711702
3.617743234248212,5.1257864053232645,4.034118835829804,4.405212074961455,3.2327594414696015,2.7352517231332643,60.74115017686782,2.5921027543374766,4.396830254496072,0.13538083591242603,3.140638046698194,4.899079086079,0.9020698379510411,2.0012798386972195,6.561400566589893,6.035680174772095,6.910522377611174,9.120022838959526,2.300263873025922,2.3990319340849733
4.687001211722345,3.2115050867812243,3.05892369940536,4.050186828947089,4.474599900113147,4.582584488235764,49.19599302286164,3.12790528688568,3.0194587121698486,0.26265733314269557,3.355933043422102,3.6455422483890114,3.988864863842891,2.232807230385604,6.871610593312001,6.449565300728909,8.300041126942398,5.792959068334421,3.126428322833343,3.6106782347918296
5.549199376562723,3.082891060143852,2.297384043563431,3.830094988827467,2.6934314924718086,2.7330290975447613,-6.609503857858336,4.460909937423301,4.8148136282857195,0.05501040014438589,3.7517716730157797,4.148674755986758,2.8916257308314024,1.2897533512191013,7.1908663856520185,8.113665559644037,7.267292142470505,4.901962436993136,3.9812813328171677,3.544453130816369
3.8388926085490107,4.548564234258316,2.427038623969659,3.955642524854383,3.3252824485189407,3.697124573332028,21.73534310135714,5.1870480111016715,3.37425859348728,-0.056732613495258426,2.4480872997203167,2.835184646996871,2.7352199121992875,1.7749149400252648,6.457876583329186,3.0989164626216295,6.482809808482527,6.3705729464966385,3.920356054925076,4.7091967158134045
4.066990683732591,4.322162268758123,3.6521044781218723,4.159793543783486,3.9386998723257305,2.993896914014152,43.4904826657412,4.875600097382178,4.567971018403819,0.09894590359536937,4.179712800981172,3.3608971628613262,3.2018784201333568,1.9337904692754524,7.116214157613653,9.209086585535859,5.518792178148212,9.780244430243178,4.326858949947265,4.262032599493973
4.425047938000338,4.218649579225676,3.8068345479165124,3.6094278318756987,4.717361470446679,3.453087551994364,14.339277260309396,3.021478225772773,4.1764941671835425,0.19515500358458765,3.8787215818826697,4.168667692005377,6.824311899329199,0.930525774461483,9.828411594097174,6.851042413059946,4.692717333371777,3.912093046545908,2.7165444958379017,2.787250743810214
4.100767889881629,4.221260330420108,2.9557953489127513,3.4614723598502684,3.648441455274641,3.714508425844106,63.84410999869434,2.4459529940134925,5.482892613916598,0.25462916365009014,3.8808374440740523,4.283244143866872,-1.1403127598973835,1.0543371661471974,8.64942678241631,5.934469743959046,7.857961632453633,5.086407439078343,1.9243637332718473,4.001336373961653
3.537732091639802,3.8254844476270202,4.08382969124872,4.0656803413335085,3.3277215619119302,3.7095812973629987,89.3080770490638,3.5960615275016514,3.6518078553485873,0.03349527873304207,3.6698027774065296,3.4303847775157292,2.868997442353484,1.8805444979915462,8.418082990593751,6.544527254097094,7.987764215218823,8.921786784591085,4.176605397891746,4.44980798378159
4.408332811044555,3.278701925559249,2.4021972852423357,3.3373819051908264,4.924185348031667,3.776492362626045,80.77317322241188,1.8539550072215034,3.5400315863400946,0.1532394553989464,3.353783361924976,3.596296338805307,-0.6292982732955147,2.099177466435457,5.782892182742255,6.642329682447733,3.947667492754303,9.46392673802558,2.980145296588953,5.219152822688423
3.8003058241966916,3.879885030098707,3.568637633096726,4.197424230640677,2.7426898725287456,4.5694633924911034,41.593169036439036,3.762378749974802,3.8330346745415573,0.08650802253839546,3.846641172820167,2.517211273776101,3.073597259122805,1.558957518981449,4.9201377785794165,3.4361752117704265,9.098305361234859,6.512787558153746,2.13556721760357,4.64380391991644
4.626102811796888,3.414681345277356,2.7315646041408708,2.8881964917727756,2.250720704083593,3.797526786739573,88.21314438181895,3.3328385999509633,3.5810088597843985,0.11143578419416689,3.785493022937556,3.3833331730127925,-0.6100712754460969,0.8644120044716728,8.589451651388659,9.543469991961707,7.429755803375967,4.803889657008245,3.670727405258354,4.530034942922241
3.877127062525728,4.435507174359456,3.140386066060613,4.582533797242383,3.979852319715333,3.3333103881324053,51.499213855213206,3.04229318592215,4.560762764555956,0.3022144320872754,3.071867585115581,4.314044498626234,0.6426058727109067,2.2445895195406593,8.431793523401767,6.791685535662151,8.785800760164973,9.822284635745525,4.13059887129657,3.900581961341472
5.204813789968026,3.742194671680058,3.6516027362075176,4.237333483030827,3.3625459183808357,4.137228796053384,38.21073557117405,2.012475448205222,2.4147322181275603,0.014528985847644173,2.9062138805880835,4.07888579748433,0.9481463855457202,1.0323529909799887,9.61864696437935,7.552085622870238,4.282114110487685,9.067769754656638,3.4811902870498113,4.19540850201111
3.9503413576657516,3.3230355211301945,2.9878934066242113,4.103009236710761,3.0223453815570664,4.287190086780595,30.65169809926721,3.9361330380223314,2.9144387990052896,0.1363861533802678,3.415831251932336,4.023271016207418,4.123835878815869,1.1266314022935826,5.487600902578515,8.514799826108534,4.243189239105616,7.69012041958827,3.2429277181645118,4.968968530176498
4.198307849952886,3.6344896584620123,3.3357972266391487,4.553714503508253,4.155687943112225,2.678960244206025,39.157713440521206,2.9814673232291846,2.9018974650918734,0.1512274014492821,4.5076826563106955,3.6868543388838235,3.9805013721797478,1.452783208708799,6.232451863505296,4.780325548627353,6.242054235675512,5.4459186321064585,3.454720243959377,2.649452916128325
4.808868336618694,4.088171484113379,4.352658637370708,4.977204956443861,3.8512799568638676,3.8932494704333074,36.81307252462784,2.4000588226098225,4.694312284962609,0.19410248120095427,2.4041056387972635,3.6549874328118466,-1.427242619419518,2.0361815132609475,3.427691854233293,7.609766903195527,7.312656645862231,6.594652216608681,3.3048475312809584,3.532728927223142
3.7096767550013245,3.4847660042452877,3.1951784549460562,4.573363175697627,3.3219033791052017,3.962295768360487,52.09418236569914,0.8468051697700623,5.369589153916971,0.12558183906443174,2.2317694374953536,3.1570429338288055,1.8227720975905275,1.6990971724989368,5.908353085926301,6.206791163427723,9.437548195305592,6.4271202775616745,2.6112822162278233,3.1526561130644932
4.493766081530867,3.3250600208536616,4.227930973750568,2.8024229432155883,2.852584354539101,3.297775536454977,51.824933807692844,3.4424089797440875,3.7575143614478237,0.14015351953548985,3.4632912659233197,4.171122900140544,-0.08756411777996073,1.4876996377174565,8.671549244735523,8.316446281479703,7.646598064884529,7.1663015294674555,3.060690924798114,4.18718160105738
5.074273313954973,3.983607643015236,2.7910105783653196,3.1505626486431977,4.2632178154518945,4.41110448961448,47.51553161831337,5.084551596563706,3.7003409655626376,0.09161770441187465,3.3773766359952386,3.963811151741568,-1.4591955867128226,1.5110115595962539,5.761097895855519,2.6864716687468047,6.088118397432075,8.851917950799812,3.9376736923588784,4.951647967711754
3.5071820946660175,3.9843980672771147,4.004293626461683,3.5566707967930737,4.117580721196605,3.3959215636876023,59.38527060794882,4.983279947907932,3.9125003547609056,0.1374535181343954,3.4697652970077115,4.01681946640409,1.143231663071766,1.3089231005566624,7.963184221589766,6.525861347758565,4.800794458327655,7.991790351005376,3.7960454245643698,3.3103825152929036
4.470740016428297,3.519847132144033,4.670892594786439,3.9603917846060006,3.6265387648660754,3.5793163971787165,80.00403149032618,3.05045044285982,4.882221953261431,0.0949789572749096,3.523040053509405,3.257235765715155,0.9146808194571854,1.556674929889316,6.310124490966314,5.572274154028544,8.507217282265605,5.047182736038323,3.6870443886977555,1.6995372849474517
4.511198705424052,3.5420301679373387,1.809908214540464,4.26528250679144,4.9015654872307275,3.380607455100725,73.40861193926277,2.9180439081643432,3.02664002932334,0.16190145968199632,3.170582151299178,2.0430790834270622,7.74928484894517,0.07018777612650788,7.333729953407615,7.5317556476200505,4.902086387818814,8.739801880217161,2.8616834197840464,3.4763359918036025
4.79182740894255,3.9764178085879167,3.034332052930968,3.4940728046796092,2.9903343172097365,3.5061284038642495,6.810700262207943,3.895233043849667,4.061993437472297,0.09314642370454479,4.463050295038998,4.468318069930133,2.767367284648104,1.1451807550152329,4.406006603195666,7.6032780190751925,9.16176018393412,7.139637501197968,3.439010022823277,4.66713106526106
3.706404316161134,2.9383837173352747,4.038851638090507,4.060049487150281,2.691899304112238,2.766343930746202,-22.433954133046576,2.5565674675268717,4.716418741638856,0.1449432797827227,2.131138307043397,3.292450377626407,-1.7568292529747245,1.4041519113444045,6.858594648757343,5.373870928382667,6.01961440748134,7.702337707110669,2.0230478880919622,4.329532178191954
3.6615061485722125,2.9634802432546854,3.468500892756957,3.4756894009500368,3.238140981302655,2.5376088943723034,72.99185799439982,3.742875033406594,4.295336713738495,0.11675520676496075,2.713901353199092,3.005988785739161,0.27427081650550905,0.7338504317266291,0.7388745861202587,5.365261322620039,9.099526004325453,8.875301872901058,3.694435728696561,4.231225239739692
4.6520984301644175,3.3891758526377256,3.888297150653706,3.564920485646714,3.6616544170048795,4.556684330541624,10.039285827470772,4.1665009494391665,4.018662213786853,0.19689545669717673,3.261079740595546,4.167131559271242,4.237695774651431,1.4739587971873571,6.3172997291201485,6.503956552739287,7.60200405676623,4.995711854441711,4.58165061594762,3.595108296135916
4.5311470723838925,3.7011772091739816,3.1753702934928585,3.0717398315504654,3.8509777055476873,2.932227590315445,41.283425042792835,4.586992308272863,4.739376437689223,0.11522005866921249,2.099235386206796,3.35723155343448,6.9040203351345255,1.189537186143711,3.445617117195658,5.016050552124753,6.261723015734312,6.6145214087878506,2.5218178825856903,2.697730449565624
4.506150064982492,4.025138263553347,3.6802557044224495,3.371581715997106,3.5334514246742157,2.8361288227113084,15.422091612681982,3.3761315604563498,1.4493665841022776,-0.004204332460247031,3.206305000868343,4.440550461811691,-2.2774852168359336,2.1330991586058423,9.088152751728444,8.307384023949528,5.63357271400541,5.868692514790033,3.1520483411564273,4.3094694105892275
4.557741864872077,4.744567307308018,3.503132162496288,3.105838518057857,3.9222156651060396,2.062980729756875,-1.8635432111865375,3.2816781590319812,4.452347516800505,0.2063203963641203,4.592523571479806,4.110074042297723,-3.0119731423739005,2.0452608012651874,8.23557181355425,6.014519823409725,5.92676660248156,4.309097044055542,3.8013161720540514,3.0972228208460204
4.005843705971646,4.362937023091953,4.470724843979739,3.3389322134249206,2.8714330896296745,3.0706224302396463,62.244689078811966,2.666425415752817,3.2693554554274233,0.05595741444242558,3.3547414195216425,4.159737880395195,6.36059621321488,1.0637250273718601,7.617429393696952,1.2103330790366615,7.190332320624805,7.190165865873392,4.456758132774554,5.808458600713297
4.496343517963188,3.7342363367983857,3.802958459019329,4.597721122777799,4.637576551770618,2.6154302515596766,68.19997624278741,2.7130521054253456,2.224378695160128,0.07343546070317064,3.513041507887663,2.6305593856194434,2.6590569530605386,1.2153575486440855,9.714800030195084,6.003890530573266,6.6134994906466185,10.447855014480371,3.2497563180961504,4.359063970005522
4.5290436209671645,3.8213021007426966,3.86377341514037,3.3553527055888974,3.637694477348091,4.588295700164249,31.66093860005215,3.2608702958604447,4.304314665576286,0.07746601565857705,2.3882181027902636,4.553965399960601,-0.48414936096080174,1.2523741724459023,4.801425968521632,4.747421482253812,5.511334953523351,3.899459393529009,3.076606503912227,3.325047207537028
3.987387456423138,3.213660081449851,3.315822295842312,5.576920927579615,4.423652377699156,4.167655705936478,-23.44945636760064,3.8027056917086295,5.0703177204465115,0.21412530060905605,2.873952732356639,3.8446400876015723,3.0214142733552487,1.0705352706713822,10.16508798746017,3.625340747026345,6.214684258328992,6.619855922007934,2.17073614425201,3.2974379784754886
5.374629834601464,3.8216129126818457,3.2604559722010453,4.2501851408541125,3.916101992259713,3.037894251652293,32.488906924620686,4.301086839073609,3.7282055466132555,-0.029359592134960363,3.05590612558437,3.37419481961247,-4.9005936124015355,1.3818635310473264,8.54348133442533,4.370923199766971,6.615832928116687,7.632329503961169,3.641191715347384,3.7631237363362513
4.626232114905498,3.654709442425466,3.300702073556006,4.058852024138081,3.9908206807243483,4.994445842878863,58.15056112823396,2.7346777354711804,4.696592164366713,0.3364403195907618,3.09927441447477,3.756701599206576,1.693939566574673,0.922920345212612,6.218513693470694,6.920570838575256,2.9899962407337557,6.853641874497543,5.016763125226712,3.6314793729421764
3.73094720708765,4.03243542744442,3.9053365680155245,3.411820154740434,4.064875051960616,4.148991261364215,6.974466768944123,4.829472750807189,5.28225136169647,0.19204024291615726,4.305953426358395,2.324444256066759,2.5046511217813268,0.7436708423472329,8.948158251365518,9.22865805391718,7.239367720018155,6.498195645513994,3.7645978634794797,4.849797691807763
4.7244745605598215,3.321964363744185,3.309163712093102,4.378570100083383,3.9848940151483467,3.279632550137536,52.448275681023,3.220135578647994,5.018143283209911,0.13427041731514144,3.7597479595613343,3.954618933066231,3.995033394368,1.5877611847615742,4.488358675628425,7.306332242141043,4.877420705583836,4.713354601234475,3.5519884354530467,4.014057089116134
3.8474170952512585,4.1539176934831525,3.8288060879505577,3.587174726538017,4.112680361504236,1.8327554139185434,47.01338061595771,3.4480181815577944,5.306841334743107,0.11497725601729952,2.5004139240949956,2.8816894358983816,-0.8479767303706844,1.5910436948390638,5.0488974029543545,5.56530249879106,4.592238533744803,7.018732707606031,3.7963319214014692,3.1894274736554418
4.794656455960036,4.780019946719449,5.134292850522006,4.019884556977259,4.562475055631272,5.020066747308283,63.279549108415935,2.7857433829553493,4.509414037045818,0.13859301411507852,3.524965161551575,2.6404718221151557,1.8996165615911054,0.9007587041818452,5.478432106107069,7.576510081819952,3.7150445231039235,5.529643974416341,3.5599262165159447,5.544684268412235
4.99440475623446,3.765855776629801,4.253836051578529,5.532079020821252,3.820299237517877,2.5711952678912753,50.70349502922079,1.2555892768212222,3.9172799923928125,0.1549336124413155,3.714879749376112,2.513864626350676,-0.6269082004333965,1.7190181606898116,5.63680289348534,5.844365172044633,3.540023344728009,3.3730096730562447,2.990917699439864,3.8909010066878196
3.9302170953281825,4.081239618821005,3.378590493217,3.8846287292509127,4.156112104106008,2.400978416566954,20.812513777974164,4.2741346604466575,2.4274727621823167,0.1635415447572788,4.199198930029475,4.479909439503164,2.3236474677410475,0.9839186281408288,4.587297369998242,5.398529107021204,4.260234433234168,8.466070040894495,4.151959494844519,4.537214614389933
4.889442168674633,4.259441166544235,4.4951671699539775,4.657035740310454,3.632724595278986,4.176141283848949,80.1661245278794,4.13982509585721,3.6317384332202596,0.1573255174568333,4.531464165459215,3.1802155402360626,-0.5517497658949753,1.4098535404770387,9.122146706027284,4.528168770047109,5.322086139900904,8.1106235914562,3.727986965938135,3.3002752928255377
4.593406618925921,3.5851655842572305,3.318601673848585,3.508070029173207,4.635186538805758,5.119079019728583,43.09540067115065,3.2108252869429568,3.101340500736615,0.12499898733001738,2.573118139179173,4.794052612002918,0.6657593105102781,1.68290599817668,6.174154458250361,3.3971259883665996,9.695277003466696,6.7461723101101105,3.5802941919301294,4.172776045643042
4.813461574456238,3.9715014693157538,2.12685845720863,3.9225077351888475,3.2483079500792833,4.41680397612651,46.685248743337965,3.528637782046677,5.778437497111062,0.10509635728371403,2.7272099551109625,3.24994875745311,-0.8027977731008734,1.2717923376207239,7.3903209424508916,5.975302111829102,5.622922923184308,7.013146759588818,2.875720171453189,4.126062374484763
5.391307368708371,3.840830785922502,2.8799284229134736,5.042532602740433,4.871622042862246,3.870965895743155,21.901326438078,3.93826728936859,3.694066889806229,0.10829174360641003,2.390169863275842,2.3758345276701056,3.3125375868028906,1.506896546480961,5.554498999593237,7.01265906420861,6.778739450636322,8.285079856042206,4.492707978970431,2.1492469334226234
4.23953242307848,3.8933978813050283,2.2491967967311486,3.555338220859508,3.665211248689653,3.891489105858184,35.30558476970206,2.041816324120498,3.9597086645100252,0.10526492806277557,3.162420520821688,2.816663448522202,3.8305675131633334,1.039353473544007,3.067394725279948,6.530538413626559,7.14460869239654,7.00602142300124,4.039440173641539,5.656815850179563
3.9662116725024332,3.355463717302371,3.3599545661891925,5.0683643613060365,2.7539858861102404,4.063592213888246,23.227162384425377,2.984795978810796,4.340092411704168,0.19743095691310644,3.6908395762088717,4.571773366670098,1.0992447087602024,1.193390796427088,7.226309356022992,5.926000577125335,6.702052528696781,8.02880952236192,3.1754685268498197,5.005921830109672
3.8932085056857404,3.8481939207128577,3.630414990855871,4.383185970074597,3.7754680040438924,4.00072426169386,42.70101709733182,4.192216955574854,3.889008646081383,0.1599581400741431,4.083903934468064,3.53339976387776,1.7810525259988585,1.1888688710719706,2.885073653744858,4.923093758896664,6.359546076637408,6.220777136588021,4.278647057655789,3.4898324700608003
3.9328366152147596,4.1407281624223815,4.84260715195099,3.595343954994994,3.2452548287917478,3.6828565427691324,94.25843176178083,2.323075602050233,5.355767237529248,-0.08517997258578076,3.2816797734950836,3.240632907359683,-1.934175964878659,0.928554777060976,6.55255647730375,7.864903522712593,4.523310760807066,8.642722316912502,3.2147424292691738,2.8565046819248
4.330014066726891,4.729608078122071,3.8559686183736717,4.336454393074587,4.242371299544102,3.5650940714331156,9.901889689859141,3.735362198171961,3.2972672094272673,0.16428274112212143,3.097665548376289,3.769109288139763,0.9366852428831777,1.2028711648847514,3.9671238424464605,4.220035847758605,8.87012268534172,7.151154716365852,3.0129216432086467,4.158804769836926
4.554894266965995,4.425715274790871,3.4567628372874504,4.547427407000953,3.263882544782857,3.4541156803805926,3.2909285257505787,2.229742006385868,4.023125987003151,0.13229327784743417,3.4534809193844165,4.024104436127126,1.5600557460075128,0.5424349327146483,10.642342321024978,8.182525381945965,9.455347641809526,6.960444080143243,3.028744999468436,3.924485724629331
4.520235774769468,5.16334737417773,4.22333483597243,4.3298812149399355,3.399156197391285,2.994104015072374,87.67816730742699,3.8930940821296276,3.190846210118705,0.11748730684325102,2.708887193993484,4.483423963514072,8.234235527539527,1.0515218515516118,8.50204688368313,4.8161905127329385,3.7227414047634997,4.757227836070853,2.3111249785318924,4.166087122187247
4.816216078081524,3.358961996261592,2.0003687654223903,2.9702909289166946,2.4533719637058757,3.309012438228031,41.70585546103215,3.434994129643717,2.677884891301106,0.09183483010072271,4.91549132111603,4.730462484238236,-1.0930327159322537,1.1508287838408375,6.8994631477412165,5.289043889402352,4.804639269372854,7.100247087605626,3.9023821526394276,4.018693121879448
4.3784595835621545,4.371995008537649,3.789209019230111,3.4932085837033586,3.395144072960976,2.3693351293554517,29.128763743769913,1.993835853171166,3.3069306835271433,0.1967610565884696,2.126040271311683,3.3812892358641795,5.34413116206514,1.1646435507582271,9.202958542987245,3.9367323421159193,6.027128387178517,5.41649567383254,2.268497484783332,4.301337323060774
5.152982746155002,3.9463246820018214,4.1805354461872675,3.790687776744834,2.103237579072543,3.4303313510958273,75.88028023351178,4.5302453894955725,3.8173877046115967,0.18451185135127482,3.4783655123732684,2.660335305774529,4.176414902658734,1.1717119392245532,5.005527432369291,5.764266076286501,4.902361746396434,5.707936093897482,2.696147395281588,5.146641606952376
4.229172315914939,5.185972531404296,2.535941800411787,3.898042357977766,2.6536463618376196,2.8379926603305696,30.864725984471104,2.7972582143945277,3.468991340390531,0.06517310136223191,4.865746784517311,3.3412255356823284,2.3867477533187333,1.2582395152791437,7.770222991955122,8.559784160607736,7.317882119183494,5.441444402808091,2.0950514894748777,4.356904592224655
5.8340075960981475,3.3336614911071787,4.453157749277738,4.329175464360333,4.189799963217614,2.7614773265252146,97.3853051287656,2.7282237463856474,3.235298510726387,0.14702094364945126,3.3441133751023164,3.843916339020429,6.079873895802275,1.5187879667214192,7.086568379151994,7.689571348435067,5.290463108229534,5.0639480753858965,3.5067253765995177,2.903765027888055
4.707868111434112,3.3142471361571424,3.8644268402428006,4.054426526824802,4.206434242250677,3.6154572794352995,65.97783311525325,3.650517433933895,2.6012407478735278,0.05138445430358164,3.195603027666687,2.9306438754165076,2.6153069180141446,1.7089861130404034,7.214299506515389,8.56567093974812,10.043184949785653,9.865815715956629,3.461135883937867,5.070521983551887
3.9106056510086518,3.4627292559946903,3.313328522052222,3.1159734128869725,3.970313672952409,4.421946863229961,34.084690487861,4.515553601061797,3.776471037497054,0.0230855178606594,3.069298809354564,2.935574202505659,2.6579200633980027,0.9751627628575097,9.22015951544143,7.7019036458584385,8.442411542367907,8.671848458142524,3.3359874785811714,5.320279837335134
3.7956879388943316,2.5208484861071843,4.0795815160640725,4.1800234220547825,3.057897983067105,4.106774845076229,106.44844840758843,2.5406581691212096,2.513842741836841,0.07531176837059946,3.202881730860704,3.9062223269011924,1.5527692746290112,0.7087265608592812,8.146222693453812,4.62413365697891,6.83594292375697,9.558226079901322,2.8280297556419396,6.67792137710156
4.6308772651778325,3.508224645754367,5.277072585127347,4.3229194928306125,3.6602617522333505,2.4508127264692434,30.86200721337996,3.523792041422241,4.52533747622411,0.17860645714675755,4.3747652317097145,3.6134173331101365,4.742908846427104,0.7863108514706025,7.263441908490962,6.087247584492393,8.173736096475395,4.828203947505402,2.7360315714738843,2.837440120879864
4.25132089724823,3.3640373927633203,3.74991316420136,4.2914141551549765,3.6891647991776706,2.8373026613110355,67.73328138681835,3.85877479578376,3.9235025766060954,0.1849002065728882,1.6701847846565419,3.6741877983290996,4.42531744512634,1.0534238669005282,3.397050391645742,5.236485012259342,8.30336433832841,6.775655768640265,3.89729285303874,4.06477710742442
4.755361717307112,3.925968347826269,3.798425396830919,4.614553805431179,2.9324874075573137,4.121715250106378,55.61977906800863,4.099917413584634,2.5557364782011653,0.1543761117324206,4.495923042867062,3.0837938319331837,0.12208818416177526,1.118551435032355,4.77928570313792,9.232319386872117,5.5603908820778205,4.7219451844406235,3.1771493971550755,1.9763807002234812
4.6259120451373335,4.044197276770274,3.281106376308228,4.461441941873324,4.676652538821029,2.8420538338415104,83.0431941664353,3.6285028953492002,3.5756538525968304,0.16908257035591556,2.264640563657283,3.4778124085848523,-1.6109759203389893,0.9172809667691117,6.444986250705514,4.447853596855428,5.146000301531676,5.621541546367316,3.7922704327178978,4.3434722306304465
4.3323113982904236,4.992201825227953,2.995620492019304,4.229011456384831,4.266431874793421,3.3463005554875593,90.14957071701025,3.1326306516089626,3.182243605354799,0.1545906536980819,3.1378000825876144,2.960134598740624,1.1783052776085239,0.6639948270464064,6.874833011774897,8.405282023155488,6.6151200732118,5.286822833529814,2.9396634366359007,3.354193382946913
3.916177920018554,4.420249357477117,4.224014939190663,3.9006893724142153,3.5467349188787782,3.861745973199208,48.30772256286101,2.712404409066095,4.133762066779919,0.07428761276375932,3.0151281389755114,4.313906652352316,-0.313598640076566,1.0683874770731159,4.440794509164304,8.403873924229595,7.902123910477316,8.533774262780351,3.696270695483792,5.574330859443276
3.5569891979517605,3.4766235847783764,2.991058770774706,2.9140125882304098,3.7091428235718116,2.8514639948611564,26.82138229171628,3.5461135100438574,5.040823454082896,0.1487461112401289,3.783032777063867,4.422131118651516,1.5267723810461726,1.3753169766734608,11.486595153071997,10.177045029514584,6.715185853792005,6.072180654562814,4.492544855953494,3.1508181102360915
4.131393643020273,3.277985059753619,3.669271855272291,4.210675971936906,3.828071776206989,3.5658754729510296,60.015397818014506,2.4892732463501757,2.184820212211794,0.17430683553802317,2.133235470530371,2.2722516481971686,4.777564766488628,1.5744345716867372,9.705625117405416,5.937889665844925,3.896307296903993,8.27614325497399,3.9837138435850856,2.3293142354632987
4.831924242580827,4.136972311706609,3.2677296104109774,4.073025505956346,2.3536441860356705,2.608154061338842,28.892332235745993,0.8020160593906874,3.952444606111875,0.1711077687044407,3.6876815567929677,2.956196823130561,0.5428183248629889,1.0196183359842306,7.886872411657789,8.061926190015738,5.167999967640887,7.577521138427655,3.275166070857884,3.423301065888791
4.4865795540631215,3.0173737348965903,3.9671354975269266,4.112653431397377,3.5295582713964344,3.0956360838871775,102.51128499022894,3.8658399396217527,3.7080581656546663,0.2012560636699565,4.866277486486135,2.5331366891648455,1.5784996758260024,1.0891478494932425,6.8323906494713,11.032770709508892,6.3652470484077,10.1349776183137,3.7502935830670827,2.0721431664382193
3.701679283175858,4.964577451971613,3.860892439565392,3.152316933301662,3.24464373310917,3.7085331664831287,51.167322230620755,4.292282183904184,4.446543143615698,0.16791776898600788,2.310500032206554,3.1647258185361222,1.8304898243835772,0.8418410271932881,6.266945396083314,5.544216984077286,6.362466470092654,4.442145384905486,3.3970312848928996,4.521279594153868
4.464582179948285,4.56174204155326,4.375503691429209,3.273693201920969,3.035197004568979,2.4358466731515014,37.43831097801433,1.3115277508617251,4.03963623703722,0.14316387237403688,3.482111933338888,3.587463310389496,3.805529361322351,1.2728386579163165,4.795454263455449,3.807521020399508,9.726952262310116,8.563342683478893,3.5733880394457116,1.9916648858318236
4.578640441775099,3.543180967532145,3.244071697173943,4.597417859999867,3.5073297117496156,3.7888374613658047,52.48439672681315,2.5462158224693487,3.182409757774134,0.1930178575361891,2.8395329247352694,2.5681175054348038,-3.9289301411442654,0.879521786746291,6.843219621463034,3.1544704764053177,4.210067221188795,8.393611265922024,3.33675746068585,3.8721719773305656
3.896250070797995,2.7746282758341803,3.4196412240799163,3.9196753022925725,4.869489865988576,3.4826964846663477,10.579641162569752,4.032442739983766,3.566909995228416,0.11694537933762225,3.660305022914254,2.961905373375687,0.169507117100657,1.5638906297469817,7.201831596600771,8.062664238262888,7.317263971400551,5.203679127473069,3.4511916425326326,1.9802313608708462
4.454121474302029,4.669511181179662,2.9013664289919556,4.36690386989395,4.111448526212928,3.86336802730795,20.852314708722126,5.344813758161407,3.143280300835275,0.05761234076790133,3.353429602681975,2.900651268389322,2.2134520338083696,0.4282183838826436,4.218876419779578,3.1485259197559476,8.932848144856871,8.183979485522544,3.7182886391779,3.5589050803577607
4.402765693930327,3.7622849178082127,3.2921224594663596,3.9617732639725673,3.3172507489838625,3.6447464630204673,80.27123903543097,3.4864867151842356,4.805954203831108,0.10747365497298358,2.8549961273808613,3.804362486723566,4.684213180515391,1.1148404619273646,7.353860276749843,6.008628881530184,10.217952383061622,7.174267495170563,2.86295336983956,5.322762213306538
3.756934257441954,4.597808490169819,3.89279684699246,3.9626650240897754,4.066719956598675,4.4034086682489875,29.461922889272216,2.803269816035111,3.8692107431039093,0.06711363627473904,3.7070713202575822,3.7014562668355073,0.4563592805542747,1.4329339326464043,6.380234876598249,7.541316078016318,5.822475584306861,6.326122982716655,2.8469740870471534,4.170559420100796
