"","V1","V2","V3","V4","V5","V6","V7","V8","V9","V10","V11","V12","V13","V14","V15","V16","V17","V18","V19","V20"
"1",-0.0565850505742283,0.0705129991680335,-0.0502358104944547,-0.0557440483597395,0.023798471105463,0.0266479928442278,-0.06975455126044,0.0798689138482997,-0.0564233752317383,0.0441615719304467,-0.0745666045030591,0.0829340884388204,-0.040653300650242,-0.0684315745193275,-0.0494253634832102,0.196132060160713,0.0387581436902636,0.0718992098691991,0.0193985813954812,0.109607729313508
"2",0.00368376092000702,-0.146031694502515,0.0364783225228821,-0.132301409581345,-0.00693098107377667,0.125316134647469,-0.123958669662679,-0.0220685873479248,0.0395526729537416,-0.0346735952077126,-0.000146633540229128,0.156154918305797,-0.0495330744953234,-0.00143827329795785,-0.0136654714851625,-0.11223640365564,-0.0205565517486397,-0.112075506536967,0.0497201528085118,-0.0157105788384789
"3",0.018563380559725,0.106353298504155,0.0189369776257861,0.047351090600693,-0.0217504747683074,0.00741255607525259,0.0582539318332058,-0.0472483818447261,-0.0290746660725836,-0.0381067137201846,-0.118900972157595,0.0756260662286907,0.0192205531653555,0.00844429404816586,-0.0467228443010277,0.0561279279235322,0.0205444131587534,0.111529041626508,-0.00282985073392828,0.0401244157365387
"4",0.182998775941276,0.123260389930465,-0.0038789135159917,0.0192789149093236,-0.0547030036946998,0.00266692431919541,0.0639386516804398,0.00586843152935841,0.0458135824486265,0.0690919032504077,0.0728863790362788,-0.0208339865138077,-0.032324999479327,-0.0228391180052729,-0.119742724859505,0.0607284948602274,-0.0360296434240302,-0.12604231603452,-0.0190263672071909,-0.0158908368838432
"5",0.127066474746512,0.0394197609378976,0.0650851011226573,0.012488933527216,-0.0338641038332777,0.124255721855352,0.132056117688014,0.0549011155723906,0.00159111710745512,0.000355973810488204,0.103258156419743,-0.036695885635595,-0.054915486237453,-0.0425409925372901,0.0159458761688695,0.13653753623056,-0.0331205907966682,-0.0292373943461301,-0.03967697719854,0.0517152790413415
"6",0.161252299167286,0.147299773068263,0.144582005114622,0.0655507157333066,0.020861419873889,-0.0150002702335985,0.135258087960157,0.023967883893445,0.0782762466449725,-0.0196785138381584,-0.161609323850885,-0.0107967332229987,-0.051761892306827,-0.0694985230802759,0.0183764524853889,0.105921169555032,0.0615082734851837,-0.0448191984841884,0.115905746539289,-0.0270345735275393
"7",-0.124546203821328,0.134089306753778,0.0861939056252136,-0.0333223804960274,0.179252586365287,-0.00422231505306371,-0.0962999376549543,-0.0177009417309898,-0.00444338753257352,-0.026332876864645,-0.0382398485760724,0.0996087706194888,0.0149305604544944,0.00236555603582234,-0.0521731109867696,-0.00783090548638097,0.10947802590631,0.12123675790288,0.0658422304772653,-0.00987913451258578
"8",0.102186239865645,-0.020372426781564,-0.0494994480271052,-0.0814806182318766,-0.0439342493167982,0.0452680098016282,-0.0502367758571527,-0.265970632548231,0.0636782797576349,-0.0107736887308229,0.0537988844695018,-0.122390855336967,0.131989364872198,0.149859736248924,-0.0979643087293648,0.0227158096650946,0.066956095225909,0.0865717146017223,-0.0303353579930442,-0.0136296943753817
"9",-0.0431271210978725,-0.00375660895180634,0.0181645044094752,0.00953740003190893,-0.00363255257182573,-0.0550726116666398,0.020699675366842,-0.0151713849438115,0.0070906548969507,0.0958354340419997,0.0466969627734628,-0.0727327165051018,-0.0503623241184037,0.0558576313454063,-0.0238601917632911,0.0917142218533623,0.0173969215378752,-0.000245552423082531,-0.0718070579740284,0.0461490847320322
"10",-0.0818262838545747,0.0652215536565924,0.0659014464202389,-0.072246108727846,-0.113676067976461,-0.0736502750345575,-0.0355859078938762,-0.0292673280035266,-0.0834748718594582,0.131062397154296,-0.157902951349551,0.138243957673775,-0.140034385345281,-0.0964175078566181,-0.00318529514868927,-0.134481754967834,0.0172697569869874,-0.0369993949034994,0.122154297073375,-0.0498011334423353
"11",-0.0311566150998906,0.066295252381554,0.038864908625409,-0.0392437115688811,-0.0948672522748489,0.00132532266006983,0.113567038635434,0.03483208284431,0.153360054160429,-0.0737062638116411,0.044475434390109,-0.0286667541128245,-0.137617277112217,-0.00680563045906463,-0.0738273620792997,0.0826562553042315,-0.0575400333195484,0.13320742263269,-0.0116823417568029,-0.0328703226994331
"12",0.0470829087562282,-0.0786805767379636,0.0415714331394361,0.0983835246083447,-0.0245743330048369,0.0237267486491835,0.146204650408469,-0.032894840815945,0.0761709236604973,-0.210937852271701,-0.0836972593199345,-0.0139332225473664,0.109631456755622,-0.104404730369793,-0.0821198778346025,0.0662783012755665,0.0381862097150993,-0.00107204015254535,-0.0323222436930519,0.112450409338091
"13",-0.144133225537953,0.108102428254753,-0.0433703593069239,-0.0693967429389476,-0.000565283508093865,0.0377780918769736,0.0571376538708516,0.0287733129037472,-0.00102522780851407,-0.0906651796313237,0.143666952417347,0.0422889135531509,0.0530350574192614,-0.0412191409384526,-0.00224263584463069,-0.0193541679681014,0.0268392062263419,0.224676920788516,0.0586711629804382,0.0535167952433759
"14",0.0531398452974829,-0.014340566211033,0.0023958141661051,0.0455293602255765,-0.0569978237950533,0.0305270113484562,-0.0242706025287581,-0.0384311378519527,-0.110983142127026,-0.126972515350854,0.0519294955577352,0.111077197211791,0.104411621715839,0.0298405004068458,0.069017615141176,0.0858822808007568,0.0479408948825029,0.0188054925729121,0.0205871225635671,-0.0201143304918044
"15",0.0388373209745367,-0.00577882176199217,0.148828784644985,0.00165856897311084,-0.0724404199048878,0.0251702067711037,0.0112793986065076,-0.0547269115301801,-0.0226046192554877,0.041613467607564,0.12210578614865,0.0495870572602654,-0.103830211887713,-0.00399933361543104,-0.122222577219764,0.0235074564058564,-0.0183443953849514,-0.0201796620226314,0.0340506210533096,-0.127232644332427
"16",-0.0261492416645871,-0.0473520220852443,-0.196212304135052,-0.0210441235803009,-0.0217891220063131,-0.108837513347484,-0.104689329207632,-0.114582628880303,0.064653913518483,0.0256885253556095,0.133698509355237,-0.12050944168919,-0.0118337129032232,0.0455837229354351,0.0688575717037855,-0.0742241096198289,-0.0817582569663233,-0.114071272088378,-0.0105823817186699,-0.0241351685236295
"17",0.0801120749076122,-0.0796020902134245,-0.00269893079453831,-0.0682792472597325,0.116420528354733,-0.110340308382276,0.0953792628817705,-0.119189947926291,0.156789878844425,0.0441101866545019,0.0158239710413277,0.165472443301079,0.0521154010048148,0.0449690453686263,-0.137169318197726,0.00759214785851385,-0.00901804681235865,0.0272990844091282,-0.0408639067752648,-0.00689078525969097
"18",-0.131984849637401,0.0786238120237125,0.035428454846409,-0.047867301734529,0.015311948052078,0.108785789987225,0.051423572223578,-0.0254931175664938,0.0992177296542001,-0.166081744122492,-0.0286588553845191,0.0359575290963831,-0.01056897844497,-0.00622418607144421,0.0723931133664856,-0.0548390087605918,0.091254542253364,0.0905233796538157,-0.144425693054627,-0.0611388147728643
"19",0.037232714206605,-0.0368003892563822,0.120342816323575,-0.0120728329516647,0.076648152138258,0.069686493120949,0.044478037291784,-0.0379402248937521,-0.108001486545469,0.0102604760873074,0.0697840948439227,-0.0604484066573691,0.0346772663458742,-0.0625736784881861,-0.145902682590397,-0.0748682008125164,0.00625283601755293,-0.00283371276206693,0.00320583641592476,0.0583703539313712
"20",0.0115219623203161,-0.0432992012402528,0.174917578234545,-0.000311041457658062,-0.101957192694675,-0.0891859559403572,-0.00778895073566685,-0.0323194633935496,-0.0847326260522897,-0.00811163191384167,-0.174532761313929,0.0447090872413224,-0.0509895490907785,-0.0392492813545629,0.0605113040755893,-0.0097828225068092,0.0391280817833133,0.0416647102002461,0.0469219483530825,-0.073059686966545
"21",-0.0320382121673263,-0.118395785693862,-0.0668780124684028,-0.012488601357439,-0.00368243385852508,0.20286683076842,-0.0486769966412737,0.020646127156989,-0.0554887173390691,0.0662906494160823,-0.216030771407777,-0.0411571206063042,0.0612141974815259,-0.00952110105094848,0.0341335214035579,-0.0067237294073995,-0.035323425365232,-0.0923252413090349,0.00402916477671305,0.0208762039764852
"22",-0.00538686780847112,0.088443065577436,0.204814888263387,0.0519554370939035,0.00454760351315722,0.0432671475846725,0.0329870200722684,0.000692694497831902,0.0564495958472657,-0.085244992858777,0.139163468158897,0.0183806939926435,0.0939491143469541,0.0666957722030253,-0.0661202118652797,0.0678968025654701,-0.0382960209395711,0.0764177763244328,-0.172287041544227,-0.0796455498962504
"23",-0.0244924454369235,0.118917009334062,-0.0884111832059049,-0.0774401704484034,-0.089592146452606,-0.0269795174145159,0.126526965529764,0.0483263771258282,0.00236108465245457,-0.0461563216743595,-0.0561564550101198,0.0219952671141423,0.0639250175636474,0.111495385626403,-0.140187493079045,-0.143399268024338,0.0414399220151446,0.0829491199515209,-0.05746377181865,0.0253982993234913
"24",0.0215308184292461,0.0342549214045159,0.0981648675739363,-0.0446064939497912,0.0441085573036317,-0.123593986968164,0.0478487344345079,-0.0958049947184746,-0.0567330087809325,-0.150122747382957,0.111207707033412,-0.0587754996802291,0.0179427643552614,0.0512942791475276,-0.00439593349040097,0.0215623890936068,-0.0953731119517578,-0.0250958667989494,-0.0472536737732688,0.100055564291701
"25",-0.0492160715355136,0.0347940283707071,0.131140678872703,0.0471592483796769,0.101556314596778,-0.0702249193527349,0.135225203613845,-0.00648709975072868,0.001571692442324,0.0221344294434046,-0.170728282198482,-0.00504988912940754,-0.0707520713701868,0.0965656687104592,0.044342394276373,-0.0806481018779623,0.0327682858632256,-0.0762538657743313,0.000515012272072488,-0.0515118915134081
"26",-0.141385118420119,0.00587016713509782,-0.131676097829986,-0.0390473702820706,-0.0238752943034831,0.0516742200654589,-0.106193030041698,-0.0407769125511378,-0.00417264462164128,0.130460968242196,0.0559958029465218,-0.011203196798081,-0.109914562211483,0.0751167771474968,0.0400490570015296,0.0146666857500092,0.117114152416617,-0.01765296981295,0.0147027073099904,0.124477408457323
"27",-0.180294328764408,0.0961386475107335,-0.0236505998098381,0.00027613877047612,-0.00657013245862872,0.0628579739122,-0.120001757501381,0.0364143967595692,0.00380849681231006,-0.0218432527197879,-0.0556732393388813,0.016540258125286,0.0392503570610293,-0.0730144506737703,-0.0705607342029942,0.0302014993063719,-0.0858089492541117,0.0919875810057124,0.0413825836263389,-0.0777172280730859
"28",0.0878311544638996,-0.0628799504378423,0.0349537274141795,0.0651877374206588,-0.0856089713414748,-0.00592336856780637,-0.0148655901512658,-0.0580854919094244,0.0983213554694533,-0.00296922201628309,0.0453808563687564,0.0300819997847276,-0.106628128107293,-0.0531008137810062,0.0457827784513863,-0.0784727974108986,0.0432516757567799,0.101619628999884,-0.127021134684574,0.046405820386703
"29",-0.0552124097251317,-0.151811893084935,-0.139145091785506,0.0585217459715608,-0.0772938651274101,-0.0351709227626501,-0.10860201176583,0.0984427489527895,0.0262135136077498,0.0849578247233763,0.0214923791743512,0.0544642382290551,-0.0304970770952836,0.0817430152268085,-0.0608295925893816,0.040101044597298,0.121906050633239,0.065179296869784,-0.0285871279653962,0.000570675337006446
"30",-0.0983787913237193,0.214881251437862,-0.0297221507665784,-0.08946542613217,0.0913395414729627,-0.0190149122675461,0.095755794158038,0.0102963371109885,0.0261950730586717,-0.0920946843925768,-0.0252771695426788,-0.0340307058449636,0.0456113235018396,-0.0274617254928342,-0.0485149991276934,-0.0877020409431767,0.080330140633633,0.0245757471144512,0.0204506726130892,0.0275475587905372
"31",-0.0846751509020208,-0.0305326126193465,-0.0754170664670876,0.083115083481212,0.0292969447576357,0.0850482924017552,0.0128310623676051,0.0172639496967886,-0.0407662851479323,-0.019279766514859,-0.0576137534960112,-0.0411233753611169,0.0207606610110053,-0.0834810872718258,0.0436232370775613,-0.0720556266814025,-0.00495801253518226,-0.0015590273284853,-0.0708203142192728,-0.0208315555644619
"32",0.0803483367793019,0.0761331066222869,-0.251344567676817,-0.0635212325681618,-0.0271011155355947,0.0880633484688695,-0.0740661480961104,0.074482372344195,-0.0259604693919086,-0.0687820896600213,0.0844022648058293,-0.169504934642932,0.090482380191853,-0.0317275123565585,0.0327190403234548,0.014075230662529,0.0780833214346796,0.112140206375842,-0.0415982602528049,-0.126325396635288
"33",-0.115147556018557,-0.0642179847100356,-0.0857989906734882,-0.0740485619145155,-0.144283411022009,0.0351185210489417,0.181165250345202,0.018275568398783,0.0240595342833471,-0.0297289023029689,0.00235009135489214,-0.0277567551810705,0.0314486469416783,0.118728165559014,0.0672438304817932,-0.0694813454636663,-0.0331342450318386,-0.0812547025734078,-0.133606019785181,-0.0755827008801739
"34",-0.0468251668832221,0.0266597813845115,0.0864874820114375,-0.149951806894974,0.0426081768394297,-0.0827661010684575,-0.13580519683423,-0.0482019217030598,0.0190925154768881,-0.059126226560884,0.18511596076031,0.071062073995321,0.019266252778767,-0.0297366134281148,0.0339168881474853,0.0142782430419593,0.0918985250555876,-0.0739197778674126,0.0681245973115282,-0.0323199359947116
"35",0.011135013738279,0.0133847020975354,-0.0896121644494794,0.00147178120007992,0.0454293627128542,-0.0420036380867364,-0.0639413277256031,-0.0674111305643545,-0.078582825891329,0.035679158965458,-0.054409840414002,0.0444281448327974,0.101833758509674,-0.0939616294599879,-0.0503990654815101,-0.0569260864435112,-0.143912863757702,-0.0950608836595475,0.0236109991789301,-0.0728256202976349
"36",-0.126512424774487,-0.112646213102323,0.0176339905622781,-0.0844889848826858,0.0418521747265308,-0.0751767922610865,0.0197869604755434,0.0113851639666489,-0.0479846022987322,0.0879341069701587,-0.0384025278265111,0.0318464458398638,-0.01533558419673,-0.0821114791916153,-0.0527871131886766,-0.118484853868946,0.086380258347105,0.00257250541061125,-0.0239391342374221,-0.0639098576126927
"37",0.0544723643288106,0.0470219022982415,0.0905016605581209,0.210995295945572,0.0631586665740695,-0.0471613684549769,-0.0234029469392675,0.140559805969875,0.0772502608976897,0.0168426977012541,-0.0729555590920799,0.0746673853385053,-0.0373847864329732,0.143006842832131,-0.00849891592017995,-0.120815481476223,-0.024446339461435,-0.108445227462486,-0.029899138414109,-0.00294046840931084
"38",-0.080129556947404,-0.17923250666955,0.0158862172603906,0.0924024965877884,-0.172454795578518,0.0826884960740152,-0.0091922432488571,0.0828535039918095,0.0364126212104676,-0.0153653967377424,0.0739978583597837,-0.0946600834722446,-0.0149487048836811,-0.0232942334798775,0.0064685497792621,-0.137488511854963,-0.047786745677637,0.0155263073894331,0.00960221113067369,0.0872621581918262
"39",-0.0451448875989419,-0.107423054044327,-0.0227037005588478,-0.0437241570380853,0.0956397894114971,0.116992391709703,0.0717820714811149,0.121436987149007,0.0250633851207965,0.0653975764444482,0.0652063536712711,-0.0138708101472906,0.0251938053352427,0.0203101559918973,-0.03148959685106,0.0657810865543787,0.0115546277641563,-0.156147257092008,0.0221430447837462,0.0321903871762673
"40",-0.127293289245723,0.0868586309956066,0.157715761335566,-0.0715737772525366,-0.0247794220283229,0.00271086821564701,-0.0359476321173116,0.0593418314201977,0.100311746254365,-0.0710635887860047,0.0195334806329055,0.00392216530555641,0.0636391885759674,0.0192721547425011,-0.0290420612798154,0.114173688427615,-0.134345522454124,0.0528910109091,0.00277293206854493,0.0557843441500727
"41",0.118810204214867,-0.0179713108739093,-0.00101637111450304,0.0992929795608559,0.0665939595605737,0.100131729580573,0.0258762198261523,0.124002503464201,0.0938874544780048,0.104303821680434,-0.0944693805457808,0.0166841171797939,-0.0126741857735343,0.0338144674970349,-0.103867614199539,0.031390770152889,0.0229026380727528,0.088953112204417,0.178620569440228,-0.0922756777740143
"42",0.0706142474130559,0.0877083473775653,0.0266520152002749,-0.188429527251742,-0.117935926677884,-0.181126091748188,-0.117491813027581,-0.117490243779137,0.0916565997319726,0.0304627491843224,-0.100192239142601,0.0523531186937495,-0.007786475190456,0.124508140395146,-0.0242226853700855,-0.102861239509674,-0.0876276050181682,-0.0128040869667915,0.00625864420360069,-0.120200052622533
"43",-0.133611811953778,0.0942277246732059,-0.0883338378333761,-0.0603078508820866,-0.0132467963110071,0.120450143839057,0.00274022323165689,-0.0737275857361707,-0.0805395648704486,-0.0811592421922883,-0.0215373842763524,0.00967544568505511,0.0935114207432093,-0.0212285664645761,-0.0821362697840382,-0.0539366759246902,-0.014456624333771,-0.0440279278491403,0.112897556653634,0.112605140345886
"44",0.0809311083831121,-0.0986659805438254,-0.0681960271477035,0.141236637645913,0.126691289923971,0.0334942416494834,0.0257570120601186,-0.064390354761624,-0.159296309033334,0.247559296752591,0.0467669485723203,0.0808769241910547,-0.0138639828057045,0.0209501637894397,-0.112003635289111,-0.0619901689562267,0.0335983857943953,0.049619483472061,0.0104910452717021,-0.0961094193961887
"45",-0.111947319299817,-0.000710849374422867,-0.105882828996192,0.0428761061710954,-0.0838628096104312,-0.0285960700062457,-0.0317194857700507,-0.0287621614701592,-0.0207234321936664,-0.0487874962803368,0.00944526121306668,-0.0328329092482514,-0.00920661367595095,-0.0346972861516894,0.0132245216767987,0.036428801026226,-0.0873673216467158,0.00600565337277336,-0.0489510589168528,0.0553866700983812
"46",-0.010652147276036,-0.0475771352955187,0.0802414164868818,-0.153316574317917,-0.0865992959934526,-0.196152996550194,0.0243793933497963,-0.080940827781729,-0.0762114490809196,0.0445999480518477,0.00744681069444697,0.0202181932748808,0.0598576066844372,-0.129271174996999,0.0178048798918281,-0.0525885587963934,-0.0568654725053349,-0.0808243175001416,0.107434180586744,-0.0135586475939681
"47",-0.0450589274679288,-0.0830133227529291,0.0446501921253332,-0.0533437353572022,0.0534716309116916,0.0568135859662497,0.00161882957990766,0.151153935958777,-0.0317827012782738,0.102092875158187,0.0704076466563221,0.0703132581052292,-0.0099911788382952,0.0840409986012565,0.127284932710602,0.0572444176410941,0.0709362532502913,-0.10268412936035,0.0747044749440343,0.0248478628129208
"48",0.173922442518549,0.0445152281270356,-0.0350189202933487,-0.166662332308939,-0.106230139321465,0.0689314924893411,-0.0078532921138287,0.0414160621600894,-0.104536782675054,0.0751136476803024,0.044335982219598,-0.0231207567576266,0.019620141669134,0.0320830825555876,0.0898663817984803,-0.12112628179202,0.0434692631735113,-0.0998521146647081,0.10019829707025,-0.0393067634555058
"49",-0.142108075000708,0.0196153273506551,0.193811110041751,-0.0261981022661366,-0.0536902573504068,0.044330972084273,-0.0241326566873784,0.053811798615119,0.125698367904568,0.00814828143517582,-0.00364546606053453,-0.040000033149214,0.0425083669406059,0.036453076344087,0.0202307052854519,0.0970416411456985,0.0216712274367245,-0.0524095461447838,-0.0145096876905243,0.013902440484282
"50",0.0145012184175601,-0.169435313315529,0.0515733771712382,-0.236941578791864,0.00861657165568447,-0.0119706008068575,0.0513456165730457,-0.0534534661501671,0.0913372899032021,0.201878538171857,-0.0250865869856483,-0.0408295326184997,-0.0651110740310559,-0.0262387877076386,-0.0739381626441502,0.0269735339808021,0.0539651173446262,-0.0123094750064875,0.0507046814599164,-0.0147989248281547
"51",0.226820493607389,-0.0136962913436136,-0.0290760891296748,0.00948616547134901,0.128268508000781,0.0366792017335485,0.0741717454962726,-0.0324364962005662,0.0105600497365427,0.0106507431251059,0.115976096792386,0.0219910611449509,0.0368669660007948,-0.0691349749200863,0.0248573423450501,-0.00406043033523339,-0.143825587526716,-0.052273575394869,-0.00568341304345471,0.0764082345066412
"52",0.0121068482608668,-0.00929173682651725,-0.0418698898742115,-0.0682673476710397,-0.00977365851367757,-0.126965597915407,-0.0182475034582487,0.0443261862163203,-0.109862346727349,-0.214344032527836,-0.0896309813685024,-0.087272792655618,-0.0801550474329142,-0.0274204087932082,0.0405294056332444,0.0420346513346806,0.0302928448085496,-0.0333707861067196,0.0752256341366872,0.00704605477646034
"53",-0.0806963971044077,-0.0896709341848715,0.0387690464027841,0.0245793675734991,-0.0475795045815565,0.0313626986653679,0.0567451739358816,0.0172356946836204,0.142100857846674,0.0422447033108987,0.00547585357501254,0.0261937431418791,-0.0743819896867407,-0.078113179438936,0.150163481850468,0.0372087833024454,0.0938859453523097,0.0391488133675198,-0.0486002410765246,-0.0293298897147898
"54",-0.0539649587297532,0.0579897118466354,0.0825354615450778,-0.205734198137065,-0.0766461750516949,-0.0451925076839431,-0.242779276619838,0.0164728487151697,-0.0282170276974081,0.107331836063577,0.0239914313730054,-0.00309897837851367,-0.0292568302627139,0.203190404880269,-0.00822319078250568,0.0121711379147368,0.0729443520575297,0.0655708027318181,0.00273020987275101,-0.00450393376537025
"55",0.056142099440522,-0.0636289240768888,-0.0653860240284012,-0.0873285552180314,0.0927515274025858,0.0985562979825908,-0.0361607408151876,-0.123080694390291,-0.11695545595347,-0.0568294962529194,-0.0358097893248939,0.0257871085073626,-0.0763841420226896,0.146439572114541,-0.0334944006184043,0.0479468296854262,0.0408583246292473,-0.186594427440217,-0.024904203402884,0.14632577210896
"56",0.0657019373371242,0.234366235004485,0.0229182421021767,0.0791553502129674,-0.0082603577004261,0.0865194168732595,0.0624936339926443,0.00709186270350448,-0.100644624698666,-0.131225596165296,-0.0897613331438323,0.0917383817825157,-0.0977899838511375,-0.140296166829622,-0.00610393886272718,-0.0450854407326622,-0.159988320454457,0.0887923496498007,-0.0132024472150233,0.0918380675656756
"57",0.0684060943596566,-0.0820942224246801,-0.037312045549564,0.025327657537772,-0.0809857033964022,-0.0942051023291396,0.0560276359467072,0.0285145926292709,0.0812479308814231,-0.123086742143219,0.0255097619768275,-0.0546142352196943,-0.0480778351022056,-0.0257634353668735,-0.0128827927747818,-0.0629053555190751,-0.0633228606201464,0.0885985979914504,0.0580039721319925,-0.15351815332989
"58",0.013741331773659,0.121964473788721,-0.131361908046153,-0.0306013860495154,-0.0175049966854302,0.135204358187854,0.0522867852740544,0.0581913009987963,0.112759168381938,0.092817659591607,-0.0381916723428407,-0.0744698680559927,0.087545702665164,0.126352295543442,0.0399804023460198,0.0718954499209969,-0.134154222618903,0.0441678333849375,0.0487919786167688,0.0475430995127449
"59",0.00559777757673728,0.0688855111806089,-0.0142416408063732,-0.0851772322045094,-0.0865732408970925,0.106689748628171,0.135612363481003,0.0715808836079144,-0.0586196740105098,-0.0247010505548108,-0.0807708700726505,0.0179463499517858,-0.0603308983286749,0.0199485728524226,-0.0348887137773285,0.0150286162670834,0.112531025090631,-0.0520364062129192,0.0683693772459665,0.1723240307953
"60",0.0949726288019169,0.217131861686647,-0.0191519468363252,-0.135162289558687,-0.17956644517218,0.0207783758457532,-0.066591507693512,-0.01971064101671,-0.153644412128316,-0.0317487739577784,0.0828491517100775,-0.0818661939641094,0.0566949982010584,0.0284154100554957,0.0985480448776009,-0.0558506460168419,0.0915930169048595,-0.014242401740813,-0.151918996265234,-0.0168398293595436
"61",0.163258316847911,0.0300493872057466,-0.0908792635570492,0.200768065908328,0.042886075865066,-0.0714593445448191,0.0401633880909693,0.220715795870744,-0.0538668795866132,0.0944571558850761,0.125911663369701,-0.0282020864049132,0.0704789138756836,0.035013357049325,0.0226905624673239,0.0177562154210709,-0.0901321571250893,0.0729703673648604,0.0247093842394096,-0.12974708881011
"62",-0.0356023325862433,-0.170569665545166,-0.24368436449325,0.0379801915654779,-0.0197893754318779,0.0937938551362745,0.00413405754642688,0.159939090709718,0.005347918837864,-0.15007391960745,-0.039600206952347,-0.00110641046913008,-0.0272378280874755,0.0847819797846701,0.119888691552234,-0.081848978807515,0.0415815326176881,-0.0442867300882936,0.143131618836412,-0.0665533698941698
"63",-0.0860303827758583,0.0251125841762437,0.195561674769674,0.036212836311097,-0.0079252184313441,0.00903491991185362,0.0817333774811624,0.0919085452102675,-0.0312766298504945,0.0237513080070205,0.1261434860595,0.0147283078188472,0.0807847492864433,0.0469383850079346,0.0686453480414447,-0.00751386255775743,0.0595610560894633,-0.109382163377945,0.089787321109873,0.00869566293495985
"64",-0.0627113162728009,0.00605186708321606,0.0617721681703211,0.207248649617915,0.120300575098912,0.0779629587019052,-0.00981938799556813,-0.12152962917996,-0.17593239289828,0.0480960749299541,-0.00447438094045356,0.0463583123381015,0.081532443083532,-0.0424143800223918,-0.0184731608016932,-0.0437667943868023,0.0399381499545521,-0.0174952550014635,-0.0164192237602067,0.0823853722100934
"65",0.202951329257742,-0.0630957332146217,-0.0459690453622072,-0.0236863100324959,-0.00550857582243353,0.0265699905670704,0.0068775324829521,0.00668487746858396,-0.00144782967965115,-0.0508632829285364,0.00646206586575331,0.0736064960489905,-0.0151187117114959,-0.0061301054994124,0.0482299687907802,-0.0511409715705286,-0.119678896644331,0.115462223528548,-0.116483213488868,-0.0124124871815504
"66",0.118639056836669,0.191422813832635,-0.101246468147313,-0.016094905705609,-0.0340436016842083,-0.0906124465875521,0.0128944236122197,-0.0267568169977662,0.12783602393124,-0.069306829737144,0.0940775952539127,0.0069313722433844,0.0590062549910103,-0.00442267839547375,-0.00506627238719403,-0.101717930652257,-0.0807571204547987,0.0149675766442404,0.0326902066006932,-0.00697621955200595
"67",-0.0458039365541031,-0.0478768602561205,-0.0189145441535346,0.0288184795152816,-0.15926006434016,-0.113518565701454,0.0273800631037536,0.102178716348384,-0.00538535974260058,0.0193455304817944,-0.150861406012869,-0.0541844901356991,0.0637554155715419,-0.00542802101636751,-0.0134303554754573,0.0544993502372441,0.0502250392387016,0.0374757396859894,0.038412952591849,0.0269078638260168
"68",-0.00487001542072003,0.0811016916936416,-0.0190962080905396,-0.0223379223058299,-0.0388132107248627,-0.0437913488049614,0.0268011006158419,0.0808882181756409,0.102787800689732,0.07316251550854,0.0360380336908887,-0.0771710533247622,0.0148967088336039,0.0823187075156522,-0.11401665759546,0.0256224044850594,0.0774979032145346,0.0653342689685602,-0.108661613190431,-0.140415859718029
"69",-0.118475101221856,-0.133200887940965,0.0370246488113561,-0.036579951207138,0.0652685158080651,-0.0471233455719622,-0.155339202950497,-0.158411255859375,0.0282389002494034,0.0286070190138935,-0.00196536660591628,0.0367971049944934,-0.196644223011864,-0.064773731702427,0.0809233005372015,0.0161882776780358,-0.13130260980306,-0.0741279795968581,0.0409460277991302,-0.0186312611724304
"70",-0.0111151173642803,0.0568753715115128,0.10568743677029,-0.0141928221503456,0.0185888595287749,-0.115458848580099,0.0892803284145033,0.0162847777528147,0.0325336818200778,-0.152359566988655,0.00166790895906815,-0.0178923427292578,-0.123504832214767,0.00437148714653504,-0.0240666161537452,-0.0844970053881101,-0.00514738804306852,0.0795267991590494,-0.0439365994441531,0.041929767540632
"71",0.298555852289106,0.106828572173293,0.0952158846164981,0.00454445291003018,-0.0110705542980195,-0.0356915342517953,-0.188260984431618,-0.0562124539907232,0.0525677294577733,0.0663538733500221,0.0634402675449109,0.000569051011754372,0.00417710127831346,-0.0448828642917593,-0.0817828989659017,0.00978173892134889,0.0211778333891332,-0.0594624545540268,-0.00721731344591028,0.0117590563219089
"72",-0.0111608195810533,-0.0910095176817418,0.111472030487694,-0.010141439118483,0.0555871247267851,0.0813024102318153,-0.0622330142229441,0.0750046187962659,0.0674910671433041,-0.0494973663741774,-0.0038543034047331,-0.0477763000602596,-0.16774942066837,0.159371539584892,-0.0539640506308946,-0.0533775907828843,0.0186066058910278,0.0450312364430675,0.00529825526559417,-0.133512316257905
"73",-0.0252087167421885,0.0653706116593913,-0.0371864333730187,-0.0183530901175489,-0.0282388588780145,-0.00637935397391146,0.0600479287384695,0.0946287367419919,-0.0405788073540898,0.0276607634654942,0.143549685575491,-0.115295383444248,-0.10947580927582,-0.0772340308479055,0.0402356903585133,0.152558086623918,0.0762152856718643,-0.0911236674277458,0.00935913930722061,0.0495325505097165
"74",0.0354148976849632,0.161420735827434,-0.15949379482948,-0.0910117832165004,-0.13308217911985,0.0816744758349833,-0.0216514000043288,-0.0316448890948068,-0.06447919968728,0.0292606753144044,-0.0546767297330228,-0.0310380893716989,-0.0762601955210884,0.0651427175596209,0.0347197153173838,-0.0639988187888324,0.00643524418300926,-0.0528418012653078,0.0538004571090292,0.00110341031481359
"75",0.011218979129168,-0.0384869909590685,0.0368066412347953,0.088740701336723,0.054471417386392,0.00256039737047984,0.0626733341130174,0.0558130394436449,0.113202015426622,0.05875002851671,-0.0999040168543906,0.0687590169459139,0.0682666512113905,-0.0233264832675245,-0.0157398938255439,0.0954561723643933,-0.127064065128633,-0.0371068142990543,-0.00976451745036199,0.0422526666738974
"76",0.0983546200053397,-0.0252024894906308,-0.0390472320971754,-0.0288094479489239,-0.0437786633893995,0.0820650750595308,-0.105142513949257,0.0389214228968004,-0.126550332290318,0.102292087188548,0.0271413460609284,-0.0578338780577391,0.0182468846967625,-0.0676368295987593,0.0922209996760542,-0.00785489436093025,0.00884994001675525,0.0731431771944587,-0.0390770056221005,-0.0693286322882878
"77",-0.120903567077231,0.0915342925598086,-0.0279939738797041,-0.0180520812612608,-0.0156141486161395,0.0122873676684527,-0.113768859038228,-0.0488341733761438,-0.047117763946357,0.0499923714944061,-0.065310890569414,-0.110909907624698,0.00408616091992887,-0.103497851700972,-0.00783720280752094,-0.0666983960899328,0.0295601396746987,-0.0093654825546317,0.023104563941613,0.0308582724125609
"78",0.0794597531309552,-0.0305646088492082,0.0121961199748453,-0.0650094357897742,-0.0100465536229305,-0.00380849485040937,0.051359234776396,0.144375977965507,0.0733914541727413,-0.0406671944072742,0.129650616033276,0.0449056035724724,-0.0377953161516151,-0.0338079506398454,0.0497998882125251,-0.149565404323781,0.0686110563362961,0.00682549050904261,-0.00991770911453383,0.111294112296301
"79",0.122475596087001,0.0711867115227154,0.0803561776789528,-0.0606994629799126,0.0714934934745611,-0.1891752994188,-0.0362033482884826,-0.0906591128559224,0.00212069697288984,0.086858168355969,0.0369397314343125,-0.0837680119651499,-0.0593271757913158,-0.0166028523291157,0.0241652211802088,-0.0742923627057878,-0.146833975185203,0.0427661003715609,-0.0270319758933637,-0.115893040325206
"80",0.117305080574867,0.0131562075390225,-0.0656488981154696,0.0306434579290729,0.0004142360202216,0.0573266376535055,0.0417587711399128,0.115737409403795,0.0146953508771485,-0.0718269789396249,0.109964901142971,0.0256469333902758,-0.0526533257480799,0.0195509324319232,-0.0548448427362118,-0.0991630721753428,-0.0406781197891422,-0.0808311284282791,-0.0366669306802322,0.047270035340174
"81",0.0482255032049297,-0.0610936665731062,-0.0010254904887425,-0.0177693129513281,-0.0386236763630248,0.0317128824564167,-0.0410720047365251,0.133024173573123,-0.031978249895985,0.0309874222602392,0.0341597219266005,-0.0198957960107507,0.028696218323848,0.119646211552353,0.00531509821323757,0.00844700854982815,-0.0352817267456416,0.0929209987525505,0.0258962080748722,0.0697264025936237
"82",0.130915002324801,-0.114384484715904,0.148277174737233,0.078481351553898,-0.181137620949478,-0.0057962559288075,0.0207205778373446,0.12420252326773,-0.0947876956287821,0.0386198727349646,-0.0141269255311736,-0.00265389566942992,0.0585487523595868,-0.082633295329488,0.070807993102771,-0.0316539383612828,0.0275264840249143,-0.052527409368738,0.0416495390078873,0.0781207860883093
"83",0.208169544114242,-0.129053781334985,0.0247620519600713,0.00900901046711854,-0.00413999879158475,0.078154067496915,-0.100738074525516,0.0525314953932029,0.0143998150154627,0.0116103957784728,-0.0655127529867109,0.0786179705275211,-0.140715175622883,0.18450580436778,0.0712724753722211,0.0800986870683764,0.0118166033689605,-0.0289402913396889,-0.0509186657003578,0.0682598428377845
"84",-0.0188668395391442,-0.00894290895950595,0.0979987462557547,0.0275248020821931,0.0249576394877783,-0.0426853854936974,-0.07226271940242,-0.0948637559707016,0.00184340732770659,-0.00393064184590779,-0.126935661247926,0.0834813800398451,0.0277572043588209,0.0173781822686666,0.0887694942160313,-0.144879891439359,0.117553199506775,0.0329110796888147,-0.0259873542732158,-0.0161749411447835
"85",-0.141655862360296,-0.0743140068084249,0.00622717314652583,-0.102187389376969,0.0687532339426129,-0.117389903640713,0.0828906272226196,-0.0360992601916956,-0.111045025321258,0.0484545871536008,0.126087743176417,0.0689090723939619,-0.063125916066822,0.0345333390078571,-0.0825471088024596,-0.0863515383882155,-0.103159569706043,0.142424550710567,-0.0268810361619198,0.057145155914986
"86",-0.167290435018172,0.123837006746349,-0.0027841683675588,-0.0611032350009826,0.0482916200257529,-0.168988377729623,0.104183723667109,0.0124844871908462,-0.00633239281690389,-0.0338091570257493,0.0991261177715857,0.0946541642100564,-0.0651004465854978,-0.107238597752102,0.209600019671979,0.0545629097751336,-0.139834086577071,0.0367689864801911,0.00181746720941746,0.0455139160706096
"87",0.023636310387179,-0.0624190946080689,-0.0084039942911389,-0.0662976575268148,0.119232847975091,-0.0204964096818875,-0.042522329618456,-0.0762798724245083,-0.0309776151465215,-0.0558678273404375,-0.0350906415234433,-0.0863030418859019,-0.0871814193571704,0.0201155616216957,0.0401737830712289,0.0610711940747874,0.135068680752014,-0.0101501003026926,0.0793602992296762,0.0034530202416357
"88",-0.0620920051442466,-0.0335981314705369,-0.0238507078928225,-0.042137671880543,0.12713683542047,0.0215365605694699,-0.0869296392172758,-0.0290798376993692,-0.0865523164283349,0.0902063446090544,-0.0142011982428127,-0.123533795641578,-0.0139024382448632,0.0921867993302596,-0.00333486437163175,0.125253779214316,0.0257688360884047,0.00881029655016734,-0.0683135018291782,-0.077808274241338
"89",0.0775654043470332,-0.026772105957244,-0.00960485987424057,0.0209868727954631,-0.12928007316762,-0.0177382518656525,0.111776726120966,-0.150648805353307,-0.136313797838024,-0.0531866254417122,-0.0642463529092336,0.0108562750817036,-0.141534171749758,-0.0605527150401191,0.0506477196990251,0.0904375576594581,-0.0707012459314812,-0.0538764980920056,-0.125987279057856,0.000585863422513482
"90",0.05725661723048,-0.0370029561387079,-0.123563249943278,-0.0304613181065757,0.123855236410055,-0.145097390659185,-0.0833280021557765,-0.0129859841337853,0.00862549926325687,-0.032249683998902,0.0523159918891928,-0.0777339848631205,0.0515320751253538,-0.0600436594296128,-0.0112417565518672,0.149174297668627,-0.137189729446379,0.0697067330782359,-0.150770062415037,0.0251724528244393
"91",-0.0262898247139089,-0.050795064367599,0.122721215238598,0.107880623975522,0.122931175625403,0.00380974909933834,0.0773535925766975,-0.0896100818469601,0.0785460065061957,-0.041414668362435,-0.14767495159655,0.0493259827933007,-0.0340495671597378,-0.043660548912491,0.00424060492940635,-0.0259345058094821,0.0183672087306732,-0.0489148478176072,0.029793892332596,-0.00536916937704847
"92",0.0629362588121992,-0.125421304945203,0.0834044779896822,0.0912192662308244,0.113822539488648,-0.220942206685679,-0.00699629763085196,0.121248303861416,0.00501819157083982,0.00837309327194582,-0.0397705297597603,-0.0945102949112564,0.0247508098402967,-0.0552427318702599,-0.0755825588516848,-0.102178591176987,0.0397760190026653,0.0541169283398918,-0.105803722835542,0.073055911123113
"93",-0.0313481414243848,-0.00214284707180829,0.0787053181742093,0.134081498460094,0.0838967227242181,0.0415203922880596,0.0124290570781911,-0.00179358931213629,-0.0399421103044606,0.019832302006288,0.114384773322577,0.112479106187102,-0.0298369146102245,-0.0305171951634555,0.040288274721329,0.0282550573417362,0.00913234045665778,0.0436846513277,-0.0134000873230216,0.0555813443356283
"94",0.161311872446224,-0.103414289536565,0.0259101442895782,-0.062418412894203,0.0603192659451846,0.114746482684074,-0.072714988828463,-0.0277076758304399,-0.0359361835710505,0.0641552052097505,0.0444440005619728,0.0535789886670512,-0.000457955065023721,0.0204248772578943,-0.00227374403948994,-0.0701405037021365,0.029864523323578,0.0432754424935676,-0.0467707911363052,0.0605131574884853
"95",-0.0744169650488342,-0.0741162308507027,-0.0199699813819745,-0.0775284654683987,0.0938730291874004,-0.0449361366949581,0.136295474893835,-0.0211709657254566,0.0350406391863873,0.00307921302022943,-0.0424223889214193,0.0723146788299369,0.112455893791278,-0.00552166442987256,-0.100142363103308,0.0452797715333476,-0.0290782652643363,-0.0474000837520301,0.0926873190004687,0.0149719523061244
"96",-0.114289179824505,-0.0754208783186083,-0.0744691000627415,0.0574132601171924,-0.135889971145574,0.0680222482320691,-0.0244642444045362,0.0276094488289114,0.00272334481450385,-0.159359450758064,0.0196016627594897,0.0176992749970754,0.0130685977861289,0.110415702106834,0.0328939432417132,-0.0253957275936205,0.026885774147356,0.0172631890671339,0.0699921433301372,0.063188743373003
"97",-0.0514047059209966,0.136974320792149,0.019049448144965,0.0861077823636517,-0.228352540289921,0.00676334245091125,0.0288939148584018,0.0447136898909578,0.132729042354217,0.114542199738833,-0.0684332076401023,0.0733505773129839,0.0332532137794907,0.0326424875108241,-0.00321577733028996,0.0830776843066909,0.059359993122721,0.0514425415290466,0.134830584910215,0.0213819761487283
"98",-0.0893701998199237,0.00150974205360071,-0.129454995500668,-0.0243554075456673,0.0494663816339696,0.0613601024357577,-0.0593498322922572,-0.12493414469975,0.042828078254481,-0.0959870270084516,0.00832256795395213,-0.0609730783711771,0.0628384694887061,-0.035688305356658,0.0308531693312742,0.0482498937246784,-0.0505451476609092,0.0434260338089281,0.0229876751146151,0.0574788280509945
"99",0.0371280283570944,-0.172086622845894,-0.0537181561168315,-0.130095255893441,-0.145860381343938,0.0627385959614366,-0.0291937050552313,0.0321437547599879,0.142824354761475,-0.00734605019052849,-0.055155792836854,-0.0811059649225915,-0.0536183927956495,-0.102511334651634,-0.0881126393114438,-0.0163242294799415,0.0325068970241388,0.0111463247878583,0.05562322587393,0.122596044394576
"100",0.0445477440973979,-0.145023007872658,0.113076205146755,-0.00077667111763473,-0.204399860770612,0.0184356833971441,0.0458186337029396,0.0505824019579917,0.0572104490941795,-0.080775293491943,-0.0564162928295061,-0.0241657204068974,-0.100188908961978,-0.110089711854576,-0.00926972313052203,-0.143025843285081,-0.0408745749154204,-0.0192856991062281,-0.0150939043276092,-0.0906685513691651
"101",-0.0858530277912029,-0.102565481160196,-0.0479304872925203,0.0675624121168733,-0.0229980718014178,-0.0654438234586426,0.0431040161020557,-0.060704959725569,0.10205478289538,0.0668939655842993,0.053673359123893,0.084153717826054,0.0416751893800248,0.155705115310309,-0.00409047891577137,0.0629703779552999,0.00684848722729645,0.10063751959523,-0.0755736868421183,-0.0427949967036242
"102",0.127813964382345,-0.0666169362890575,-0.0905064018797024,0.00868494782051197,0.100468026673834,-0.123975747428693,0.0305991670243727,0.0144042180868612,-0.0275056206121424,-0.1205221396379,-0.16694402071993,0.047221378833593,-0.0617997040144637,0.00834354440393427,0.11391258939615,0.00672054697404611,0.0237942395736936,0.0835176539879074,0.0181607199748951,0.0547825857703224
"103",-0.0646304720840296,-0.0659453479825305,0.00477059984772926,-0.00232355371961589,0.0205214345913104,0.00341630958703507,0.0142184681716051,0.129873251622243,0.0633095598811538,0.115608027194299,-0.0455709287997209,-0.060625440873616,-0.13947239496162,-0.0667028188491154,0.0718513694059482,-0.0793482918664656,-0.0386623646136873,0.063751761875712,0.152365397085569,-0.0225082089154125
"104",0.0801621615418232,-0.156736295788982,-0.0364461474080501,0.0178607702568662,0.00804010958931482,-0.0728860452615456,-0.0382017312069012,-0.00487264004815126,-0.0535542906323408,0.00295109318385376,-0.0232738302474063,-0.0302372084097453,0.0169671888877177,0.0730061951453533,-0.0813050861035384,-0.00209972876673333,-0.153798706321061,0.10006006111045,-0.0806527216479663,-0.115608033655457
"105",-0.096412508840555,0.0124658960549564,-0.0297861798762517,0.0635089213982497,0.078897021108043,-0.106560265187133,-0.00776466833192434,0.0317111936434015,0.0987601083271461,-0.0425995152940511,0.00894165671902558,0.000581916309732038,0.119941222512731,-0.030659293943052,-0.0577890595539362,0.0315809346683018,-0.050912933866817,-0.0803601435247546,0.108187823769044,0.130115316350273
"106",-0.0671560742867769,0.156550064301082,-0.0115001214062286,0.0163850482534696,0.102137217099979,-0.0767749342168927,-0.00830548240270352,0.0214538746144711,-0.0769691878621378,-0.0895149788744608,-0.0509429756912133,-0.0897827620810151,-0.0395800453030079,-0.151109653045889,0.0210504566110832,0.000693401639096489,0.00134388470572287,-0.0409192510613644,-0.0223925154292229,-0.10588710882333
"107",0.08456777809058,0.145888942885688,0.00215420214911506,0.00347798910364929,0.0621245714732105,0.112749916092512,-0.0707840599321183,-0.118686703607221,0.0261896311024643,0.183557283054258,-0.184637696017938,0.0417316178662651,0.0736110206899,-0.0202669219150653,-0.0398552128577762,-0.0968732499277263,0.031156066771398,0.0562262102446884,0.00494022638917232,-0.100423786624264
"108",0.11443714852848,0.0562879009921794,0.0321792938805082,-0.0125606188035263,-0.0484521162737606,-0.0126293343238818,0.0684480254786565,0.0308393755389632,-0.140386072405208,-0.00237143082412066,0.0413624814294731,0.0148919903542567,0.0999433712955603,-0.162678129703272,-0.11613437222949,-0.0603167373730743,-0.0265257394931952,0.102644357022603,0.0496039607214857,-0.0587548079167657
"109",-0.0726700173998958,0.0349743123046504,0.0144037574260002,0.0271317430210143,-0.000628750356767782,0.110485239818445,-0.0571981820622407,-0.0883027473787485,-0.00731071022916568,0.108361398782648,-0.111827743838218,-0.043189226381847,0.032337584518741,0.163346796829104,0.111719389285246,0.120450151616615,-0.0290958293505337,-0.13627624404113,-0.0971590762371868,0.0480913557864107
"110",0.0131768652135533,0.0760929074583961,0.103892806560391,-0.0895651213550366,-0.104304264805817,0.085913906903304,0.0134136982026774,0.00396543569934239,-0.0483473294756732,-0.0763939591359427,0.0124823532643566,0.140734755113698,0.102269811358877,0.0581730743149569,-0.00915510309869931,-0.016211269133365,0.0102834940916207,-0.136417806988722,-0.00515723017878914,-0.013302609761375
"111",-0.0619942132007588,-0.151290015996411,-0.0613174691363372,-0.0132367348508039,0.0897837337688052,0.0194619646033235,-0.0547357548601648,0.0224309450199889,0.00585058332207865,0.0147695559716781,-0.138518469124765,-0.121650726238517,-0.0841752529580827,-0.119987269735607,0.0391986891161095,0.123222070632985,0.0302509711643315,0.143411336290469,0.0434500097595446,-4.5815368925775e-05
"112",-0.0242466744861967,-0.0259748022287514,-0.107594785842357,-0.0475305576648457,-0.0708886146475428,-0.0467504310730379,-0.100426722748927,0.110687605780523,-0.0774936811075053,-0.0436463869894513,0.0381505246700272,0.145701736745464,-0.0346755542355171,-0.0134911529537017,-0.147597729992486,0.0254698030626,-0.00333603061256831,0.016366940472841,-0.140209289644143,-0.0623944990996388
"113",-0.0331977750182047,-0.0206063097662254,0.0714146568798608,0.206561412305416,-0.0638330536344897,0.0847284345042162,0.0528115236223109,-0.187744063395112,0.0241446199124088,0.097581053402506,0.0905117718395745,0.0109412263044612,-0.122076038530057,-0.10030441859926,-0.0517715785879309,-0.142470982803929,0.0295629412592997,-0.00319158138842359,-0.0180190819173839,-0.0526240076813945
"114",0.0376021155563398,0.0559994078721325,0.0289838469182956,-0.0792894495533749,0.313875561531017,-0.10327417168661,0.0478666391926877,0.0126359040863526,0.0289925273959193,0.12738307519624,-0.0175510469640591,0.000865533653383883,0.0306807881835367,-0.0976601565046518,0.00561490755802115,-0.0588694786290534,0.042290850875991,-0.0889386274840849,-0.0797938777415241,-0.011369965381451
"115",0.0900415875156212,0.0312466359123289,0.139624834505324,0.0872459002370818,0.0303660602216115,0.00852420579202609,-0.0236499515128864,-0.0785336866741954,0.0441101099930724,0.0470842500732684,-0.0889449086905857,-0.016206130597465,-0.0665593718884562,0.0884965443446921,-0.0202053861388154,-0.0224620887217312,0.0122531342955376,-0.0739304420104455,0.042806137344209,0.241391413394026
"116",-0.00696718465478477,0.0543321011656982,-0.063982384789633,0.0331007343458146,-0.061755936558428,0.091716042764709,-0.0832936478489675,-0.0905872424411214,-0.0361803925834612,-0.00556062355917136,-0.00925033085638973,0.0288145076783906,-0.00101126614309151,0.0791409691629994,0.0366532620624123,-0.101017808800783,0.0978799456656698,0.0374031499525062,-0.0377313536215853,0.0589579335908998
"117",-0.0161066433371072,-0.0652176215098723,0.115315749185631,-0.0708261443894958,0.0353816151354117,-0.096855985831288,0.113827617136026,-0.0128210506038915,-0.0704408602169685,-0.0363729577854024,0.0459207268479705,-0.0906052814732717,-0.0761241205336164,-0.0825657069122689,-0.0259763901180393,0.0661647064128108,-0.0522368798824146,-0.0338056152351059,0.0219740306701242,-0.0344791021961091
"118",-0.187807956160859,-0.0677490346188131,0.13976570312052,0.156813015689465,0.0572746912672615,0.0613106316195783,0.0352943723672986,0.0322614662802765,-0.0487712498679728,-0.141713450621679,-0.0662943192232049,-0.168112738142984,0.10471822464253,0.0621323335960447,-0.0791886570343296,0.0199110056416873,-0.042647789790159,-0.0463936925888413,0.0702160423547008,-0.0137640709475688
"119",-0.180564136226885,0.0471239373424917,0.0177505739025728,0.0571556975511292,-0.0710727624813354,-0.184814436218192,0.0678533379107805,0.0785043395474817,-0.0636746927561287,0.150274981655718,-0.0296847696948337,0.0105735829147066,0.0151569054330539,0.0468023365753337,0.00559037592889569,-0.0500290035628227,0.0332935800059976,-0.0644214003668555,0.0480893547380448,0.0736384941347945
"120",0.012424857358354,0.140628198683537,0.161922767395159,-0.141478180952109,-0.106655424904727,-0.0107048504530384,0.035676964803979,0.0209180516581332,-0.138393019361451,-0.024282839558749,-0.0818116132667217,-0.0992839081045923,-0.0398960358231703,0.14545093982713,-0.0725941404824648,0.112626314737098,0.0243774987905749,0.118041536283929,-0.0668012959970266,-0.0307135006281103
"121",0.0746315629031272,0.0914951249302802,-0.0371808615513161,-0.0436941585556517,0.138830024154346,0.158104542170974,-0.0087744345517764,0.0437048215881606,0.051462903611427,0.0375808624736754,-0.171355444739454,-0.0839129861897581,0.023336519882677,-0.080368018593938,-0.00265782610559881,0.0720449907816567,-0.10780276472878,-0.00885031316073204,-0.0248640018893483,-0.0476130254616425
"122",0.210885730720297,-0.141062507493905,0.181727261114269,0.0456413267711488,0.0169048176415271,-0.00971856507743468,-0.164739968340084,-0.0609987627926635,-0.077991919127162,-0.109803973867955,0.0930465775810136,-0.0581509280174532,0.0866620238607533,-0.0682684613153565,-0.100729741147592,-0.0867619145294445,0.0891294008466655,0.1277905338451,-0.03678825051504,-0.0380155132738883
"123",0.0482192217073107,0.0287953496656348,0.033581123828831,-0.0920965345369688,0.123504519766857,0.0167733788350306,0.0228719876715829,-0.178598605552186,0.106165281779639,-0.0295194091128908,-0.0725242355632989,0.0025147106531318,0.0562864381328534,0.0387723854569252,0.0296865812522949,-0.0250167899018196,-0.0237034951304985,-0.0347430869421176,0.0831838607350584,-0.063089364787664
"124",-0.0255659587840816,-0.0719686704560274,-0.0287871231065233,0.007011544627489,-0.123239561165426,-0.187909057721311,-0.236476779683804,-0.045655164778398,0.0393718676871158,-0.232680678631964,0.0538536043429048,0.0975514536930072,0.00321742744650081,0.103174003983725,-0.0248279333213668,0.0518335313180038,0.0944354707959589,-0.0164623195489402,-0.033605182885935,0.152031911798535
"125",-0.00370786467742642,0.0125741998473205,0.146539403077432,-0.151898199433841,0.0130989981445261,0.0223238034949337,0.0136294259700658,0.0509875740702162,-0.0443032037862878,0.0104370481516437,0.0278132501664649,-0.0168800222566916,-0.018509314609727,-0.00132274539693597,0.0530984704289148,-0.0634654860936524,-0.0410305093619759,-0.0206618421686169,-0.0599815894806451,0.064915791141864
"126",0.0143071683331668,-0.0635977083773308,-0.162448143019598,-0.0282674102345815,0.0517846012774168,0.0236195441387379,0.0683080020489347,-0.0543565121762712,0.125487343545897,-0.0236301467450143,-0.0834388193059813,0.0183882339193791,-0.27135811178893,-0.00568382179998792,-0.0942108525896555,-0.051477086614986,0.00882314626504481,0.0462264588894192,-0.0306555912412681,0.0167890870768613
"127",-0.0683753515665089,0.019602030069884,-0.0235361840547006,0.0705345126430878,-0.00108061596606966,0.0545544456716127,0.0413785139813836,-0.107087939884513,-0.0207160006981435,-0.103012514725389,-0.208913739935381,0.107095862444735,0.0639807941794152,-0.000770386348152765,0.0143000550953372,-0.0879718163773523,-0.104346730251929,-0.00762201650741636,-0.0529499956429542,-0.0695695583729881
"128",0.0897577367269908,-0.122984231263002,-0.000933417764279373,0.0209901251323178,-0.166090550774362,0.0802301950862688,-0.0971440904967415,0.0812330152641775,-0.0652563564688561,0.0595089687525071,-0.107308934946849,-0.107570608564167,0.126133850898671,-0.0376643708968714,0.0456993772447075,0.0171622428498004,0.0433931631167312,0.0736591351867561,0.00201357586893728,0.00813614291609325
"129",0.0181700334837124,-0.163401127021245,0.0422940704047714,-0.0389746810468043,0.0896748784540383,-0.149454475343491,-0.0828853854623831,0.0738644110155165,0.028169283796305,0.0879948107698991,-0.086655620674016,-0.170287574574772,-0.0101769031929545,-0.0427754438849547,-0.07504811910239,0.0515130275039069,-0.0583719869055893,-0.00983052032940357,0.0110218658747473,-0.0892035231952006
"130",-0.0707006137022969,0.0477656581965944,-0.0373407473761462,-0.0500339314783721,0.00179864063037454,0.0704942362321034,-0.00827091173989582,0.0799017410443613,-0.0485121795139883,-0.146591737891657,0.0563688229673568,0.0291247092050002,0.0449644730799427,-0.0907944193161138,0.0982698890166997,0.0213302741341883,-0.0647282588939818,-0.143763039638592,-0.0726454801371294,-0.0877594971053874
"131",0.0511602067274545,0.171244023513799,-0.0169853482022545,0.0588443307475115,-0.137369470064855,-0.0596399137084812,-0.0924879106130422,0.00933515281646795,-0.00607859677343898,0.000968744987908191,-0.0146169287748091,0.0495282538981157,-0.0773811443318226,0.025343024325887,-0.0283276245644002,-0.220849217139588,0.059688168160159,-0.0340594227896017,0.156152362756292,-0.0535566740756635
"132",-0.0855258256451032,0.054129983276148,0.108365963789005,-0.049123325565169,0.10607914207476,-0.0120240597963504,-0.0601794228488363,0.193454984542507,0.00372712730516429,-0.0282561416905814,-0.0476453549254527,-0.0543336899437469,-0.0011854083548618,0.0301128700049817,0.0107863592734736,-0.0255210921822098,-0.0578114362086164,-0.0817167292068151,0.0323666642001464,0.0880686835390732
"133",-0.0131955659987742,-0.0923031106299026,0.105089098913603,-0.0559868252207192,-0.0672727888227372,0.00870722184421186,0.143699120887842,0.103946071067674,0.0699364986095361,0.031210385313036,0.0345461223957036,0.0647516659019411,0.0206113740850638,-0.0909428986035069,-0.0915923236082461,0.092760822671051,0.0695311998765727,0.0487621090915212,-0.0563044373630214,-0.0125740850307792
"134",0.0608372298828885,0.164420522985374,-0.0529639608908276,-0.00280503024603218,0.0464731058039193,0.165644144915748,-0.0323161481305431,0.0044187054682049,0.0183642490787891,-0.0631107135828579,0.125113476750618,-0.240552201854878,0.0265332117300538,0.0448963090452438,0.0550797510634045,0.0793850918189025,-0.0104413002847646,0.0602279953487449,-0.0388662955998073,-0.077549953814425
"135",-0.0765027779447015,0.0162052282571007,-0.0849296489271469,0.0491211200783238,-0.0402653307046323,-0.0899703365458772,-0.0489574619037544,0.0536753847370043,-0.139441063525564,-0.0416946728163081,0.051360516816314,0.0136955990885634,-0.0419471352887727,0.0178002894864138,0.0619842649590541,-0.144207733882777,0.106229919353116,-0.0308188100555302,-0.0692792991292161,-0.0316193924347293
"136",0.0549884046592495,-0.023922376146378,-0.092751082635445,0.21640944382926,0.0173279337093187,-0.0476776784048639,0.0622964296281991,-0.000372175255719558,-0.0441305006122467,0.0619145514567033,-0.0471177858248102,0.00617927222680788,-0.100775810051949,0.0886432368895242,0.0414549858711014,-0.0849249763818889,-0.0186578096822352,0.0664578244912881,0.0459987427892842,0.069937260284442
"137",0.0561451364445958,0.129977462075613,-0.0525976998768575,-0.0286971450136285,0.0412544271893635,0.0470660854858936,0.0364313106544208,0.0397290175447519,0.108087214148974,0.0534821190738935,-0.0368699921370454,-0.0346029058029926,0.00258292440867901,0.0182657959547734,-0.0412856310772635,0.0228167744482457,-0.0345750384126315,0.0399655095660258,-0.151194394598366,-0.0179425807331316
"138",0.00843145318556208,0.149961995922516,-0.0104557227798396,0.0159732943509548,0.0736081079727708,-0.0110687482938741,-0.0975605877916141,0.0882663874752239,-0.0251316372084315,-0.0088995516046955,-0.0316950229095016,-0.0832211964184797,0.0648384911425399,-0.0932670716738167,0.10565828038707,0.0632648375720283,-0.122215842242736,-0.0714525228437849,0.138643401607865,0.0179484248376297
"139",-0.112137929752722,0.0948708116876311,-0.0813799913860861,-0.10170324578321,0.0667543989698554,-0.0493615283256905,0.0278386683779155,-0.0127675697452152,-0.00660200519160711,-0.00742521883217878,-0.0382856131523092,0.0370466170540731,0.0501607054027393,-0.0269967638115644,-0.021131373742944,-0.0521401637475097,0.0645952366646835,0.0734607965487095,-0.0422579722698499,-0.0771305867293148
"140",-0.101925778506397,-0.0714441859403686,-0.0559837706788229,0.0569256747230338,0.0240435460573173,-0.0318528252851775,0.0566949323614081,0.14405791145968,0.0592565599011689,0.0515863992299287,0.0463726912758812,0.0511719220536608,-0.215233922728119,0.0828975905761119,0.106952245340367,0.0980550054859572,0.00864257249216446,0.00390080830231046,-0.05159025626384,-0.0669707696125845
"141",0.014744344039098,0.0652447528424567,-0.0725313358559571,0.0782968300073398,-0.0347979360769675,-0.0893752546535556,-0.12664786849395,0.0245917998382739,-0.103597950281781,-0.029356103257832,-0.142947941690622,-0.0614530884514817,-0.0268067641114028,0.0359605062407244,0.22935988086012,0.0120488043716419,-0.0303237025488184,-0.0160809905873939,-0.144819436940162,-0.00842221673683215
"142",-0.0940780671872217,0.040254898772981,0.0390451793696291,-0.0172651267521117,0.108491146273371,0.016820490742104,0.0912133138310146,0.0387350696153317,-0.0435031715916426,0.0376063618289759,0.0210464313787747,-0.0188315968490737,0.0674810029098199,-0.0158751240988636,0.0405460504609363,0.137638600320665,-0.0420287031603372,-0.0111583578638702,-0.0743374972113511,-0.120731523004096
"143",-0.0134719338503384,-0.11099522499139,0.0721480387180212,0.29424968768026,-0.0410612498874459,0.0540985255714846,0.0796036928064549,-0.143559993066146,0.0209741316329646,0.0201154826135351,0.038167858038794,0.0269524680545947,0.108735394637992,-0.0243131038984982,0.0206167443053664,0.0574907718066639,-0.0740127028729163,-0.182691390992184,-0.0180653385167403,-0.0411775495633337
"144",-0.00228096148374843,-0.0191715556801628,-0.000802975512687744,-0.0349340846648493,0.00239167419483929,-0.0256958693861442,-0.0767245522706714,-0.0798974574639105,0.0283485824624761,0.0168226473990828,0.0617985843053577,0.00102678987168195,0.0756227089519916,0.0687837163640901,0.0218629206377012,0.15575302953367,0.0582969983593902,-0.0710152931880522,0.0573423435793806,0.0464398139508338
"145",-0.0490068008599056,0.167024954944375,0.00525343705243518,-0.110103204604794,0.0761982308356994,0.0434482691589097,-0.00292463206507101,0.0223007079348472,-0.0399565900461194,-0.0042216888390882,-0.00126356994623519,0.116501407790311,-0.0272171351728107,0.0218384585995313,-0.0214689348920053,-0.175497699993012,-0.00794311314493203,0.0125639883793019,-0.11041158108733,0.027543066658373
"146",-0.136397240834431,0.0881281035642711,0.141968144362656,-0.0916659155219367,0.00556320136373978,-0.0283156098971897,-0.0816646629917345,-0.0246706130848668,0.0574821330209318,0.0859308859064344,-0.0240655788428558,-0.105640692785407,0.129694779967271,0.00644941338274422,-0.00494956161494584,0.0685258408539748,0.0889051146160797,-0.0980745646656745,-0.194653316078849,0.162002031495066
"147",-0.193753303643688,-0.137121884044106,-0.0647244190050413,-0.0280463091254941,-0.0485488755091313,-0.0883216706862014,0.204608490932751,-0.0886025986713459,-0.079150492025699,0.0328208159427719,0.023539292339936,0.046830523518394,0.0253483496581097,-0.0674431982610296,-0.0601893140707776,0.026033367170529,-0.0608912686558975,0.0738084989452158,0.0423706844877656,-0.0320782769868929
"148",0.00122333713051108,-0.135526538329636,-0.0427655669626916,0.0584745114738457,0.110341889442028,0.00684176986176827,0.0223409872601499,-0.166172092996629,0.105033657165294,0.0669569828046881,0.104761557885984,-0.121600405611961,0.00151551801052801,-0.0121954822315931,0.176553212598532,-0.0989677682464182,-0.0156448922193335,-0.136767348780888,0.0420269876758023,-0.0311443550980844
"149",0.115382473194224,0.0875951784908339,0.0188996888475102,0.0438274067578132,0.120974079600917,0.0233976115291434,-0.00391679075536691,-0.163652560000192,-0.0735902739781824,0.114583426825723,0.045273404561791,0.0334135057405199,-0.109549538639148,-0.00775573762252981,-0.0240068403425263,-0.0620779880429464,-0.0677409484122502,0.0600617753648447,-0.0961099903939303,0.071851717596905
"150",0.181939809339174,-0.0478871028827725,-0.0515377217148399,-0.0851911575213052,0.0736508879123327,-0.100997205958324,-0.152024381652463,0.0157563026665142,0.0844690962746605,-0.0889333298331704,-0.0493399362350463,0.213676868086776,0.161785012862102,-0.0119869069145194,0.110956854661622,0.0341242996200818,-0.0496813409802615,0.0381312575152911,0.0353996096028296,-0.0462769399410847
"151",-0.0911158283836201,0.187196367924834,0.00488267635500916,0.0390579913820302,-0.0435752946251783,-0.123712369010377,-0.0987517562201995,0.0160779793892976,-0.167052726866705,-0.0340160228885708,-0.0805418895919087,0.0596964057851542,-0.0705672307819146,-0.0360550252962628,-0.0530844696886072,0.245052335009349,0.00527974447635233,0.024625800124032,0.0745951646854238,-0.0206903924474896
"152",0.0644637541768679,-0.00990617488620528,0.0544161595976891,-0.0487160613060488,0.0527137573921134,0.210485708790422,-0.0273242473659188,-0.177887676780132,-0.027963107483774,-0.0913211356841561,0.0790861509405128,0.184056376472475,0.00970153490365455,0.0771959371265997,-0.0641223112248107,-0.06785129318385,-0.0107480997903699,0.0995847497196558,-0.12741250807004,-0.00419312697670351
"153",-0.0392240206585935,-0.0934970485179919,0.0307841739890292,0.149660467769069,-0.00625375344456767,0.146626474195291,-0.149506922221557,-0.120506328909468,0.0808383345507238,-0.0681666973869736,0.0446074312325573,0.0113648286135195,0.0111889467745816,-0.186626410600538,-0.0661518649977504,0.0396237906658746,0.0506462451578522,0.0772837398949793,-0.067121712942492,0.00791367853523202
"154",0.0208691623479411,0.0328989834252945,-0.0125307535638832,0.0999760004011189,0.106606043462328,-0.00949646155658885,0.194744745079264,-0.00242697626421031,-0.0496561695867819,0.244717790445031,-0.0274616283306973,0.196711550886782,0.0810965966235749,-0.0546508499990853,-0.149655432925738,-0.0476182866437474,-0.060978121090086,-0.131500130153989,0.0236784799508846,0.00534649294220419
"155",-0.0435150740626642,0.0326469082826187,-0.0175755954231766,-0.0502906586181995,0.0385912417962937,0.052005838542929,-0.0312717935683215,0.0285376712510812,0.188422305645785,-0.0415777201961337,0.0636051435837172,0.0313043202463663,-0.0207798802232115,0.0116655524146839,0.12183209220187,0.00870468803476388,0.014536141072928,-0.00719347104368033,0.118785516582043,0.0459674141897071
"156",-0.0413145389955305,0.114106417741127,-0.127043807116862,-0.125579608311333,0.0738676742716828,-0.0647014324710168,0.0434833909200962,-0.0217091194179627,0.0707785138321276,-0.0445961090151018,-0.12629247283953,0.0394591402649369,-0.0265277122563181,-0.00869813172990061,-0.108018259086771,-0.0520568049921137,-0.00789051796649131,-0.0770286254007385,0.0359844656961885,-0.024620292823579
"157",-0.0616124845808096,0.15394384933707,-0.0453675544293481,0.0463709323423953,-0.0756702637250232,0.0792382835802201,0.0859674097067397,-0.137239299517882,-0.10866877896914,0.00959023794650767,0.0213897020579295,-0.0522504396210906,0.11566225483872,0.0348895343134778,0.00632880988500504,-0.00109101664122111,-0.030780942007974,-0.0313433111304651,0.0660151885010945,-0.111652160242188
"158",0.0177124867340872,-0.194622834185136,-0.0549975464545945,0.00743163235528324,0.154220625471715,0.0622365531376106,0.00631136344099594,-0.0243838958281609,-0.0317331240172283,0.0675936165882789,-0.0586654482671783,-0.00950714123883959,0.0263374486466986,-0.0124262513230515,0.0279061315179183,-0.0521537599479114,0.0878664295947305,0.0953846924385295,0.138642402145681,-0.0173919642002292
"159",0.0130498839202268,-0.0522626706017168,-0.000695177481596363,-0.115627223087877,-0.0225729561586415,0.0404726332389493,0.00970495187300807,-0.0901553002524488,0.0527884356367731,-0.0518818754262107,0.0127251320860116,0.0313631365650017,0.1285478864791,0.0783489834328502,-0.0221297038859136,-0.103928717864251,-0.00420272355040528,-0.127002829545809,-0.00868140346200249,0.124729701858557
"160",0.0342249813355939,0.112902851299082,-0.0456884185414731,0.0208155167180405,0.0129840281082342,-0.0654620811801,-0.0819778418032823,0.102845961265304,0.00424557715210381,0.0113148212778348,-0.0221407808396415,0.0797060492286471,-0.0164389621487769,-0.0287353374862849,0.0781361404878624,0.0341362075467919,-0.0687926107220716,-0.00511281645815765,-0.0737567669912356,0.0534712938589896
"161",0.144028527658131,-0.0918274300621618,-0.173251245962147,-0.0572132516314983,-0.025462350308304,0.0571593217039658,-0.0920485605184267,-0.108195644297185,-0.127401172032765,0.126907352788582,-0.0209767837234657,0.0130556425272478,0.00443061515866744,0.0423368381184775,0.179784827501428,-0.00748698777539971,-0.102109374975724,0.0388892937283256,-0.019269301730299,-0.0299097699381314
"162",-0.0309136437777913,-0.0881805515145565,0.0798258873780696,0.0939817763585253,0.0289339213702314,-0.14203936079638,-0.101695615850851,0.0368696896929677,-0.0125973342093477,0.00278715957610214,0.0232763269328107,0.00637320920132819,0.0547293473613384,0.0886058655145648,-0.0175987501406269,0.0367604592319738,0.124273381303346,-0.0697068154567061,-0.150129437874218,0.00713298259047083
"163",0.0567204899622988,-0.0547017736934741,0.104657061221602,0.0858128626694911,0.0408408569867163,-0.137922984040219,-0.0346588598211894,0.101752402463047,-0.117996402308416,-0.0648373967898772,-0.13238586781851,-0.0239715420433522,0.0206876200184009,-0.169939706796428,-0.00655864601308489,0.0671919536112854,-0.0340727085007867,-0.0377685345241751,-0.100218123264878,-0.0626461817322677
"164",0.000479417475530527,-0.0357968839037357,-0.0890896887977754,0.159913606454657,-0.00970950795652168,-0.0677607475702165,0.0300554991369781,0.00526719018452732,-0.206646243646597,0.0431960520572401,0.0653413255774827,0.104333970861459,0.0310649591234073,-0.0945075444567268,-0.0463482741323352,-0.0310033865038306,0.0696736347952948,0.0797104904558366,0.0218882996962635,-0.00315979704451729
"165",-0.0750389008316791,-0.0179379782081974,0.0561682617362812,-0.090942465590243,0.0151004200172335,-0.0505959813282373,-0.0849594280270357,-0.0645462407674558,-0.0294027627910428,-0.0864969146758189,-0.0545643935212567,-0.106425501912051,0.117801811380812,0.0114636762458537,0.0283220287354536,0.0463225698096357,0.113399611312224,-0.00150285987863364,0.0313056255963711,-0.0795433702492667
"166",-0.140319449482067,-0.0259752133714167,0.0793093025181519,-0.0918822202137889,-0.0315239465746892,0.0685411427956005,-0.101953899380183,0.0588093079921104,-0.0295744269407865,0.0524669488347121,0.127138141103478,0.00178241750109944,-0.0690678291902028,-0.147349437462302,0.110217977127356,-0.0900378958011129,0.0161080357695843,0.071860180207994,-0.0119899155656452,-0.0305503403748083
"167",0.0213446347000608,-0.172932960751794,-0.00608605338152392,-0.025753562783447,0.130068378859309,-0.104544514986278,0.00961627646881893,-0.216306770703685,0.118149215178174,-0.0883714965311101,-0.0425164749834617,0.0464147462842231,0.0880154211004558,-0.0720481155803155,-0.0962306581028922,-0.151090190255414,0.0040442643187862,-0.00786280441599839,-0.0632693795800636,-0.0530226717029159
"168",0.00222788469393812,-0.0899398164123842,-0.0960239296059803,0.0515261037667169,-0.0158060000245476,0.110162246479866,0.119704690337549,-0.0280019452857457,-0.0163898361474592,-0.0665893097709269,-0.0747994026851999,0.118000550104833,0.0613709183941371,0.0728891601855923,0.0146832976471403,0.0757452204454218,0.0307338061716577,-0.0270490150512699,0.0449796615887437,0.0786843326505955
"169",-0.0833486685683415,0.0802829914426321,0.0341136672690091,0.0597059433339014,-0.0385787108264234,0.0560828442960436,0.0940559088170922,-0.0658896341046943,-0.0169021168981244,0.0474749361702091,-0.123187219273657,-0.0054257330483104,0.0550752598383727,-0.0429870455547781,-0.0210869371058011,0.0055250532832347,-0.0379824547870213,-0.050140544166817,-0.00198393764523816,0.0620789425464659
"170",-0.00392389855723406,-0.0521245630747367,-0.262210485862177,-0.0812718313285203,-0.0222749825702053,-0.0956644035634632,0.01564575193675,-0.0304508868692735,0.0279890046030427,-0.000257673669422199,0.074551111756145,-0.180356248378105,0.093723412564982,0.0961028942146434,-0.0378718497415484,-0.0381654529126562,-0.0159176920712072,-0.038927607742615,-0.143627932461638,0.0669580701002864
"171",0.0157734963768236,-0.0365410490501912,0.0479402536957555,-0.0412800275223635,-0.0479515726410779,0.0351389405263659,0.0650111213331061,0.0510987353075086,-0.0145936553408756,-0.00748434011514249,0.0269408902920387,0.0240912913131889,0.0649820823397838,-0.0477607916114099,0.141596099657058,-0.00848766860295937,-0.0229579083284615,-0.0552664439628065,0.110467989425198,-0.0190356901959741
"172",-0.0123206338282314,-0.0422649175849972,0.00222799675995481,0.139069603966615,0.0378316259769399,-0.182556914911182,0.042843320684772,-0.0833780590640488,0.0520630006059588,-0.0294888604450717,-0.0311818193746913,-0.201277833732155,-0.0140012890157784,-0.0762005709364988,-0.0270859148133408,-0.0519254754254791,0.12675581794375,0.0369268429009588,0.0309970038260244,0.0796419018065396
"173",-0.080114857534001,-0.114405612073368,-0.0135953898640914,-0.172783831034671,0.012770046452164,0.000345298864326516,0.104407799805347,0.0583869691713865,0.0591703051220145,0.0725985832862092,0.0162690145280632,0.0694193536313594,0.029402873724928,0.0023281787032814,0.165418970563725,-0.0435869776278362,0.135508853234654,-0.100237664200552,-0.0470067714627597,0.0267409540602951
"174",-0.134536385567115,0.0644624209594729,-0.0639341712281369,-0.0435313327264873,-0.0125760886608368,0.0597983207599467,-0.032349495137706,0.0163526421095264,-0.067291293895395,0.0544064817126061,0.0580531198008706,-0.00948185298618402,-0.0813614726894545,0.0373186882827417,0.0483805719480635,0.144855118040662,0.0191675023727029,-0.0221562350460621,0.060009157028483,-0.128436776427049
"175",0.0567466854815546,-0.0716188639718322,-0.0182821754808226,-0.00279628295174851,0.0967314743811166,0.0129051019141455,-0.0883126555613602,0.0245343171008829,0.0925588132705741,0.040039762026773,0.0719791078474059,0.104708043005635,0.00382932941380666,-0.0246213116786909,0.0877274397573241,0.0969450010161812,-0.00765091755264784,-0.0504938841216499,0.0826994610444931,-0.0407846637514319
"176",0.0243867798704146,0.0369296848258124,0.158834558721854,0.10391347592434,-0.00900010493770042,0.210031874830666,-0.0649081795917162,0.0776700433848236,-0.0411526277664035,0.00585561318429463,0.124048294371969,-0.0154099830958541,0.0040277703769789,-0.0242648757108346,0.0263451378808902,0.0111962339692593,0.0161062277691386,-0.0122289505364775,-0.000734470300027163,0.000917294742689668
"177",-0.0482789656747336,-0.0518365761047187,-0.0710456545896539,0.0849010842203765,0.0601818424774763,0.0699337131904881,0.0156660525224335,0.0596220969339247,0.0390295673922817,-0.0516058676918695,0.0425922423981362,-0.0838987622849758,0.0193789944500038,0.0976033032539086,-0.065404657812375,0.0902793855611362,-0.0391532505568478,-0.110820080694223,-0.0199091357700044,0.0390629071064497
"178",0.241801379117059,0.00165235326540945,-0.00444840701957911,0.0888631536350653,-0.0768771966841688,0.00880502515369003,-0.0782699119127599,0.013061114340149,0.0155772655591091,0.0149900538422647,-0.0266540136783729,0.0156963803432747,-0.0246553963854565,-0.0040394628155519,0.064950061629331,0.109901401671034,-0.0198819144429462,0.00555610154598807,0.0156168764300919,-0.0481880392000093
"179",0.147415557444222,0.0465763967522238,-0.0878996001334952,-0.00242260172247274,-0.140038585033509,0.0433793747407026,0.00762463876845581,0.0284847397662306,-0.0545345964402118,0.0990276748240566,0.135065819841727,0.0094143610834626,0.0108137340639839,-0.0551589746276379,0.0721288371789031,0.0637041658024346,0.00197225223223627,-0.164268822648171,0.229263963683657,-0.0124086362810045
"180",0.0886879591371095,0.072435946394923,-0.0463881197508951,0.0814475486422324,-0.00142152774959625,0.0699138818111723,-0.0617809255679329,0.19723815322729,-0.0933077876267865,0.0667323106677197,-0.0673562903567088,-0.0168905356974686,0.0211680207945423,0.0829565955016972,0.0770400268478446,-0.0475285600063587,0.0329993613556532,0.0307544028028273,0.108986422838643,0.0508068520269856
"181",-0.0429627048354045,0.050754709105351,-0.0287517047652032,0.0748105088657784,-0.000812606550582208,0.0551402187991767,0.0725622693682242,0.0312844031802939,0.0113996510692015,0.0397898839284416,0.0547820946495556,-0.055117369747008,0.0893294470992834,0.133154640215651,0.0333707499468828,0.0795746214811231,0.0254666664443646,0.0616487912328688,0.0693291230930214,-0.0376092314065549
"182",-0.0825656327825489,0.0218701551634265,0.053627417062585,-0.0483066076684129,-0.123700557200993,-0.0320943309360239,-0.0480303238900067,-0.0510475295796055,0.00329240443277967,0.0134066860743526,-0.189821646820084,0.0202172816114268,-0.050147652234251,0.0544418434578995,-0.0597223454605635,0.0847229166638032,0.00351340242320623,0.0461479512953166,-0.0806997127681742,-0.0375213470952162
"183",0.085415058011591,0.0956271870421617,-0.00850396573018779,0.0959225247907143,0.0248834039849671,0.0784201699532106,-0.125728216904087,0.0859494315354629,0.218905092817784,-0.044690155721385,0.00813506115753026,0.0581570460581001,-0.0206311163295273,0.0314193016789964,-0.0705208004511324,0.0999152157316875,-0.00985044085439371,0.1258341892745,0.00200705639534678,-0.0523201757293262
"184",0.133632246975124,0.0563775142443423,-0.103034853263246,0.0873729371773694,-0.130322166948938,-0.114903817616669,0.0326528568652855,-0.0412019896410661,-0.0366358851285739,-0.0686006887130042,0.0204849780734479,0.0530919955021943,-0.0514584798212006,0.047513668662033,-0.195160424256134,0.0521393375389267,0.048498057613941,0.0041577391657303,-0.157899362391952,0.108669623291471
"185",0.0248983380975784,0.051955547472006,0.0964093180919355,-0.0253943469465243,-0.0395915205829474,-0.0593665026988333,0.106843348154553,-0.0971605915919828,0.0421283119938907,-0.0807644455171691,0.100840081781653,0.0269998392929702,-0.0488818141238602,0.0724677760790059,0.0994160562324968,0.088108542268815,-0.107333739576741,0.0809877355429766,-0.00406098969163307,-0.00334539252514592
"186",-0.0113886437195101,0.107531800943727,-0.0676956775323669,-0.0841892375944419,-0.0394726445666914,0.048038560671347,0.0503024775684962,0.0134409926197079,-0.00106611695014683,-0.0178190946186874,0.223453583578056,-0.0586188727407881,-0.0763954198545264,-0.019800794011638,0.0541872470544922,-0.016696885051243,-0.0251444878991388,0.0720837150381508,0.0198797810079632,0.0044440645806715
"187",-0.00116123936589506,-0.0490459206467128,-0.0678552785025931,0.0939081842906252,0.0424070743428594,0.0715949150674717,0.0731412690492613,-0.0484781472400721,0.0481527032122015,-0.0512197294821503,-0.0299424740676687,0.0534300954972299,-0.01155784014793,0.0185676907661625,0.0453922315002126,0.0294875520213992,-0.00166359631236314,-0.0306183191289947,0.00665177169542634,-0.0394722145685816
"188",0.173301147867498,0.0205693868477261,0.0171729168501212,0.159404926130986,0.0730315148314181,-0.0602083022477096,-0.04334588673151,0.0344987108828608,-0.0229472879208038,-0.0816944746612041,0.0166467294670505,0.004544889439822,0.0951491651745291,-0.0218474663684402,0.0833743868552111,0.00531832278359134,-0.0164129010836504,-0.00921536396981506,0.074160743531702,0.105510972299902
"189",-0.0991834850120188,0.139173310636377,-0.015797656427366,0.154609878131781,-0.0288740574014227,-0.127416822835393,-0.0949328031323853,0.0101270110106205,-0.114283033168658,-0.016439779919799,0.10336210386762,-0.00895140944553729,0.0846469846548827,-0.0671656514272748,-0.0941047885828842,-0.0651581893092439,-0.00515845504818617,-0.04079455311796,0.0275403781587906,0.129298871891241
"190",-0.0204541167756594,-0.121055993769107,0.161434460192681,-0.0525669340687024,0.0181378705306903,0.0111075256097092,0.14303136220731,-0.00444033905967126,0.0652121014726342,0.0880704561597556,0.0811496214503745,-0.0244047659755891,-0.135960603622186,0.0107550324122112,-0.0620887996107873,-0.134275123402513,-0.012180777954448,-0.0646803579007753,0.014522110721592,0.0852414655971803
"191",-0.0765734830734843,-0.0658917226730029,0.0406671180105454,0.0375701588720044,-0.00875411001108055,-0.0302596854134824,0.0596465863036294,0.0283060803232614,0.105067291177561,-0.0280100027570111,0.11880852953296,0.0326781606512687,-0.0849315527114474,-0.0846099731121393,-0.0280547651006171,0.0587122012417109,0.0732853656693275,0.0162116499820998,0.0258400622092683,-0.0384930877913204
"192",0.0364742110387601,-0.0923355336345023,-0.179908208164533,0.0834710974081469,0.0246731902270316,0.00313423494884482,0.204798713347291,-0.00822558038217757,0.0364567078307202,0.0774198381413382,-0.0471715422642321,0.125455793011178,-0.0693633012369096,-0.033420289133989,-0.129036855909364,0.0224618145186985,-0.00315345185770915,0.10918666029433,-0.00176913976164614,-0.1125933235191
"193",0.0767171864034976,-0.0829460492600746,-0.0787922082382858,0.0143743362932415,0.0182153508865483,-0.0858274228903157,0.133022453098312,0.026908686196335,0.0180166851170987,-0.133420187157658,0.15668389542744,-0.0630108620345657,0.105305011461308,-0.0841118658258873,0.0114260268758509,0.0723484332186364,-0.0151226573519909,-0.0229228926343423,0.0525019129440011,-0.0618331864410698
"194",-0.0976470746270064,-0.154849904340189,0.121750776472995,0.0389448858165326,-0.0689427071083013,0.0274755779567518,0.00976139420637894,0.00138388353979963,0.082949948070603,-0.0517027208480459,-0.0873248212120098,-0.0277828306872381,-0.124844296865953,0.0448179288563193,-0.0714984870063559,0.0783539487430644,0.139018174094236,-0.13933719051736,-0.0309660540357131,-0.00973925942884055
"195",-0.0427765534125092,0.0730270674304546,-0.0399060671876203,0.0347797554698229,-0.10010211387971,-0.0514545704833126,-0.0226357595804388,0.00367869555941101,0.0758114745853315,0.00595023053128494,0.151053798187594,0.0385660046301814,0.0206250918959208,0.0868774613162626,5.92865959268982e-05,0.174811974807183,-0.0539495964109118,0.0752298321268366,-0.0113195783361916,0.050665248211944
"196",-0.0544015397627294,0.00424726039924231,0.0876594145511295,0.0220040793191789,0.051972951925093,0.0263804560567713,0.0204894984701764,-0.0175130536597683,0.047595984164201,-0.115297947318021,-0.0143771880153909,-0.259118740887613,0.000953312266114073,0.0373018334418393,-0.0175738015383361,-0.0402438967185767,0.0943104472730055,-0.139120934818803,-0.0260815727226035,-0.0945141357187062
"197",0.096845529159038,-0.0904124501458232,-0.045829830976591,0.087082074059853,0.0800028479993914,0.106319474265941,-0.0947276500274961,0.134024491225842,-0.148346766620386,0.0318379641812533,0.0134928572354668,-0.0147508714818185,0.0649880658820932,-0.0538660289574395,-0.063574681341518,0.0153964393987848,-0.0976451440665525,0.0604899348798038,0.190402512340438,-0.117764412287637
"198",0.0235843973149157,-0.0164760093468795,-0.119197353879266,-0.0740948908409758,-0.014887196417623,0.0190660030859107,0.18129875875859,-0.0123235732067292,-0.011602390027176,0.0862941067580684,0.0963919033657469,0.0213117099460326,-0.0148810745430098,-0.0551072705568993,0.127619180397908,-0.017655789572343,0.0477993917099977,0.0275116081276022,0.135869649424973,0.0405928015730751
"199",-0.0915927915984343,0.175496699709028,-0.0564261941633928,0.0119257625096279,-0.0750213313023393,0.064016435549077,-0.117708258922631,0.00798471400163422,0.0400550561260596,-0.0589858399738483,0.0531208701260557,-0.111241420431593,0.0600227721656855,-0.0457326102974112,-0.011289067203773,-0.101294751902762,-0.154165885818108,0.0127064858859167,0.00888866012765083,0.0220579892786924
"200",-0.203337923162217,-0.0965253951082981,-0.0406782229797541,-0.0477203190086632,-0.0658308758075142,0.0101015554468685,-0.0693466431659923,-0.0327880357064915,0.0557642901722704,0.139689018346749,-0.000893962721522027,-0.0365392524158965,0.0582229166013059,0.0434146134143798,-0.166538678849331,0.0209057688689056,0.0269445370177808,0.0251828001762284,-0.0622461767142042,-0.0265729616468243
